Time,Open,High,Low,Close,Volume
2018.01.02 00:00,1309.81,1318.8,1308.4,1317.82,102695
2018.01.03 00:00,1317.27,1321.24,1307.31,1312.78,142284
2018.01.04 00:00,1312.74,1325.84,1305.7,1322.69,151996
2018.01.05 00:00,1321.96,1323.26,1313.55,1319.9,136053
2018.01.08 00:00,1320.69,1322,1314.65,1320.27,112389
2018.01.09 00:00,1319.49,1320.04,1308.26,1312.61,145871
2018.01.10 00:00,1311.82,1327.6,1307.96,1316.59,189476
2018.01.11 00:00,1317.13,1323.79,1315.58,1322.34,160080
2018.01.12 00:00,1322.35,1339.21,1321.62,1338.17,178622
2018.01.15 00:00,1336.05,1344.6,1335.92,1339.93,114118
2018.01.16 00:00,1339.42,1342.13,1331.66,1338.37,172948
2018.01.17 00:00,1339.2,1343.82,1326.28,1326.61,201740
2018.01.18 00:00,1327.51,1332.96,1324.14,1327.04,183343
2018.01.19 00:00,1327.54,1337.86,1326.66,1331.43,174190
2018.01.22 00:00,1335.05,1335.44,1328.27,1333.87,142730
2018.01.23 00:00,1333.4,1341.64,1331.24,1341.11,167286
2018.01.24 00:00,1340.92,1362.02,1339.42,1357.97,196575
2018.01.25 00:00,1357.25,1365.92,1342.33,1348.22,245829
2018.01.26 00:00,1347,1356.96,1344.46,1350,215417
2018.01.29 00:00,1351.03,1352.39,1337.57,1340.32,177086
2018.01.30 00:00,1341.3,1348.9,1334.44,1338.59,207275
2018.01.31 00:00,1337.42,1347.57,1332.75,1344.94,214777
2018.02.01 00:00,1343.39,1350.97,1337.24,1348.39,211212
2018.02.02 00:00,1347.81,1350.06,1327.43,1332.57,233006
2018.02.05 00:00,1331.64,1341.59,1328.99,1339.56,249575
2018.02.06 00:00,1338.91,1346.08,1320.18,1324.4,352486
2018.02.07 00:00,1324.64,1332.3,1311.38,1318.29,259360
2018.02.08 00:00,1317.34,1322.02,1307.04,1318.34,286441
2018.02.09 00:00,1319.11,1322.63,1311.12,1315.64,294243
2018.02.12 00:00,1315.38,1326.69,1315.13,1322.86,145037
2018.02.13 00:00,1323.63,1331.02,1321.59,1328.99,156092
2018.02.14 00:00,1329.72,1355.5,1317.3,1350.14,193377
2018.02.15 00:00,1350.64,1357.07,1348.53,1353.07,175472
2018.02.16 00:00,1353.79,1361.69,1344.71,1347.43,166978
2018.02.19 00:00,1349.69,1351.34,1345.78,1346.6,87111
2018.02.20 00:00,1347.9,1348.09,1328.44,1329.33,141385
2018.02.21 00:00,1329.49,1336.22,1322.14,1324.37,158486
2018.02.22 00:00,1324.39,1332.07,1320.93,1331.85,148392
2018.02.23 00:00,1331.78,1332.13,1325.78,1328.78,120542
2018.02.26 00:00,1329.83,1341,1326.65,1332.93,137233
2018.02.27 00:00,1333.3,1336.7,1313.41,1318.29,156960
2018.02.28 00:00,1318.39,1322.49,1315.59,1318.08,143439
2018.03.01 00:00,1319.02,1321.07,1302.76,1317.16,191255
2018.03.02 00:00,1316.47,1325.42,1315.2,1322.12,162142
2018.03.05 00:00,1323.71,1327.73,1317.53,1319.88,175261
2018.03.06 00:00,1320.55,1338.46,1320.21,1334.3,187973
2018.03.07 00:00,1339.55,1340.37,1322.2,1325.35,206644
2018.03.08 00:00,1325.64,1329,1318.87,1322.14,183041
2018.03.09 00:00,1321.32,1325.14,1312.83,1323.36,181330
2018.03.12 00:00,1322.86,1324.13,1315.04,1322.7,117427
2018.03.13 00:00,1323.54,1328.28,1313.73,1326.31,152139
2018.03.14 00:00,1325.85,1330.01,1321.46,1324.74,143936
2018.03.15 00:00,1323.8,1327.88,1314.93,1316.44,131712
2018.03.16 00:00,1315.92,1321.72,1309.6,1313.47,122528
2018.03.19 00:00,1313.14,1319.58,1307.76,1317.02,128966
2018.03.20 00:00,1317.3,1318.24,1307.17,1311.06,120402
2018.03.21 00:00,1311.54,1336.6,1309.79,1331.8,146322
2018.03.22 00:00,1331.83,1334.86,1324.77,1328.61,167242
2018.03.23 00:00,1330.61,1350.2,1330.61,1347.51,174572
2018.03.26 00:00,1348.15,1355.87,1343.46,1353.44,136353
2018.03.27 00:00,1352.9,1356.84,1339.84,1344.59,143930
2018.03.28 00:00,1345.61,1346.99,1323.44,1324.83,175573
2018.03.29 00:00,1324.36,1328.3,1321.21,1325.04,144155
2018.04.02 00:00,1325.8,1344.84,1324.81,1341.04,139842
2018.04.03 00:00,1340.61,1342.45,1328.88,1332.54,162340
2018.04.04 00:00,1332.58,1348.22,1331.49,1333.24,177158
2018.04.05 00:00,1333.1,1334.85,1322.72,1326.37,144548
2018.04.06 00:00,1327.25,1335.42,1319.5,1332.69,191028
2018.04.09 00:00,1333.49,1337.95,1326.85,1336.06,152343
2018.04.10 00:00,1336.61,1342.53,1331.06,1339.08,167225
2018.04.11 00:00,1339.54,1365.2,1339.49,1353.08,184524
2018.04.12 00:00,1352.57,1353.15,1333.71,1334.87,179163
2018.04.13 00:00,1335.54,1347.1,1333.05,1345.07,155453
2018.04.16 00:00,1342.69,1350.48,1340.11,1345.59,141294
2018.04.17 00:00,1345.89,1349.36,1337.65,1347.17,141914
2018.04.18 00:00,1347.12,1355.67,1342.27,1349.21,148657
2018.04.19 00:00,1349.17,1354.65,1340.93,1345.7,167626
2018.04.20 00:00,1345.68,1346.15,1334.94,1335.44,137528
2018.04.23 00:00,1334.69,1335.43,1322.11,1324.76,142291
2018.04.24 00:00,1324.78,1332.64,1322.11,1330.77,150220
2018.04.25 00:00,1330.06,1332.03,1318.76,1322.88,132330
2018.04.26 00:00,1322.09,1326.57,1315.26,1317.01,137840
2018.04.27 00:00,1317.36,1325.19,1315.37,1322.91,124453
2018.04.30 00:00,1322.78,1324.88,1310.18,1314.98,119509
2018.05.01 00:00,1316.11,1316.32,1301.74,1304,121515
2018.05.02 00:00,1304.61,1313.43,1303.88,1304.92,164714
2018.05.03 00:00,1305.61,1318.06,1305.39,1312.19,161484
2018.05.04 00:00,1312.34,1315.32,1307.93,1314.6,138486
2018.05.07 00:00,1314.89,1318.86,1310.21,1314.2,117778
2018.05.08 00:00,1314.3,1317.77,1305.92,1314.67,157331
2018.05.09 00:00,1314.99,1317.38,1304.28,1312.36,150024
2018.05.10 00:00,1312.19,1322.82,1310.72,1321.05,151321
2018.05.11 00:00,1321.28,1325.9,1316.86,1317.93,121865
2018.05.14 00:00,1318.11,1322.29,1312.91,1313.13,113839
2018.05.15 00:00,1314.14,1314.84,1288.66,1290.77,155008
2018.05.16 00:00,1290.69,1296.87,1286.38,1290.48,149270
2018.05.17 00:00,1290.96,1294.34,1284.93,1290.77,141985
2018.05.18 00:00,1290.49,1294.18,1286.06,1292.48,119227
2018.05.21 00:00,1291.52,1293.12,1282,1292.48,122414
2018.05.22 00:00,1292.62,1296.09,1287.9,1291.02,125944
2018.05.23 00:00,1291.23,1298.28,1287.54,1293.18,169357
2018.05.24 00:00,1293.9,1306.59,1292.72,1304.25,146932
2018.05.25 00:00,1304.84,1307.75,1299.83,1300.52,145825
2018.05.28 00:00,1299.41,1300.3,1295.48,1298.02,94074
2018.05.29 00:00,1297.64,1306.57,1292.48,1298.64,188420
2018.05.30 00:00,1299.68,1304.28,1295.86,1301.55,187898
2018.05.31 00:00,1301.7,1306.43,1297.26,1298.24,173786
2018.06.01 00:00,1298.89,1300.54,1289.34,1293.27,148261
2018.06.04 00:00,1293.04,1298.08,1290.15,1291.81,104577
2018.06.05 00:00,1292.18,1300.5,1289.69,1296.49,98666
2018.06.06 00:00,1296.84,1301.76,1293.73,1295.95,110358
2018.06.07 00:00,1296.61,1303.09,1294.82,1296.71,121194
2018.06.08 00:00,1297.3,1300.51,1292.05,1298.6,109534
2018.06.11 00:00,1299.1,1302.2,1294.02,1300.35,92191
2018.06.12 00:00,1299.92,1300.23,1292.76,1295.52,101366
2018.06.13 00:00,1295.44,1301.2,1291.82,1299.46,95965
2018.06.14 00:00,1299.85,1309.28,1297.48,1302.25,120986
2018.06.15 00:00,1302.16,1303.07,1275.33,1280.19,129635
2018.06.18 00:00,1279.13,1282.39,1276.99,1278.2,85770
2018.06.19 00:00,1278.88,1283.99,1270.31,1274.46,111361
2018.06.20 00:00,1274.94,1276.38,1267.56,1267.56,94062
2018.06.21 00:00,1268.05,1270.06,1261.29,1267.24,100259
2018.06.22 00:00,1267.38,1271.03,1266.58,1269.21,91278
2018.06.25 00:00,1271.37,1272.56,1264.4,1265.32,85791
2018.06.26 00:00,1266.04,1267.61,1254.71,1258.45,96050
2018.06.27 00:00,1258.44,1260.05,1250.59,1251.79,120000
2018.06.28 00:00,1252.31,1254.24,1245.84,1248.14,107112
2018.06.29 00:00,1248.01,1255.57,1245.99,1252.74,105015
2018.07.02 00:00,1252.73,1254.15,1239.63,1241.49,92801
2018.07.03 00:00,1241.89,1256.85,1237.82,1252.78,99777
2018.07.04 00:00,1252.47,1261.07,1252.34,1256.47,66126
2018.07.05 00:00,1256.24,1259.68,1251.24,1257.17,96636
2018.07.06 00:00,1257.2,1258.94,1252.69,1254.56,84427
2018.07.09 00:00,1255.25,1265.84,1254.83,1257.41,85713
2018.07.10 00:00,1257.64,1260.24,1247.28,1255.93,92125
2018.07.11 00:00,1255.7,1256.84,1241.41,1242.18,107259
2018.07.12 00:00,1242.46,1248.5,1241.24,1246.94,124587
2018.07.13 00:00,1246.83,1248.04,1236.3,1241.06,87064
2018.07.16 00:00,1241.27,1245.51,1238.28,1240.8,84962
2018.07.17 00:00,1240.73,1244.94,1226.02,1227.28,94259
2018.07.18 00:00,1227.67,1229.1,1220.98,1227.5,83684
2018.07.19 00:00,1226.98,1228.98,1211.45,1222.86,110244
2018.07.20 00:00,1223.75,1232.22,1215.63,1231.59,123272
2018.07.23 00:00,1230.39,1235.15,1222.19,1224.42,106685
2018.07.24 00:00,1224.75,1229.45,1218.1,1224.45,111426
2018.07.25 00:00,1224.42,1234.14,1223.16,1231.57,115501
2018.07.26 00:00,1231.46,1235.18,1222.29,1222.84,98718
2018.07.27 00:00,1223.57,1227.32,1217.51,1222.81,93949
2018.07.30 00:00,1223.34,1225.03,1218.96,1221.28,66142
2018.07.31 00:00,1221.54,1228.53,1213.93,1223.94,101931
2018.08.01 00:00,1224.13,1224.76,1215.69,1216.05,90587
2018.08.02 00:00,1216.52,1221.05,1206.97,1207.72,94108
2018.08.03 00:00,1208.68,1219.98,1204.4,1213.14,97927
2018.08.06 00:00,1213.61,1217.85,1206.48,1207.1,73276
2018.08.07 00:00,1208.09,1216.1,1207.65,1210.58,74625
2018.08.08 00:00,1211.01,1215.82,1206.35,1213.38,76836
2018.08.09 00:00,1213.62,1217.31,1210.72,1212.16,86720
2018.08.10 00:00,1212.55,1217.09,1205.7,1211.38,118308
2018.08.13 00:00,1212.51,1213.8,1191.6,1193.64,90397
2018.08.14 00:00,1194.01,1198.67,1191.99,1193.93,62151
2018.08.15 00:00,1194.26,1194.66,1173.07,1174.65,77457
2018.08.16 00:00,1175.55,1182.02,1160.07,1173.93,93034
2018.08.17 00:00,1173.69,1185,1171.79,1184.17,64952
2018.08.20 00:00,1183.46,1190.79,1182.6,1190.36,53212
2018.08.21 00:00,1190.37,1196.91,1187.65,1196.12,69290
2018.08.22 00:00,1196.05,1201.52,1192.54,1195.42,68635
2018.08.23 00:00,1195.89,1196.54,1183.8,1185.27,64778
2018.08.24 00:00,1185.3,1208.49,1183.18,1205.88,68650
2018.08.27 00:00,1207.2,1212.33,1203.11,1211.07,48250
2018.08.28 00:00,1210.81,1214.21,1199.53,1200.96,64378
2018.08.29 00:00,1201.47,1207.26,1201.29,1206.53,58304
2018.08.30 00:00,1206.91,1207.81,1196.17,1199.61,60868
2018.08.31 00:00,1200,1208.77,1198.21,1200.78,75806
2018.09.03 00:00,1200.68,1203.84,1195.6,1201.25,59262
2018.09.04 00:00,1200.67,1201.93,1189.56,1191.03,76229
2018.09.05 00:00,1191.72,1198.37,1190.79,1196.48,65696
2018.09.06 00:00,1197.13,1206.95,1195.74,1199.97,88985
2018.09.07 00:00,1200.33,1203.48,1193.41,1195.83,79092
2018.09.10 00:00,1196.35,1198.49,1191.44,1195.57,60154
2018.09.11 00:00,1195.46,1199.32,1187.66,1198.37,64425
2018.09.12 00:00,1197.99,1208.43,1192.63,1206.06,67159
2018.09.13 00:00,1206.47,1212.6,1200.07,1201.26,74782
2018.09.14 00:00,1201.63,1208.52,1192.84,1193.43,74488
2018.09.17 00:00,1193.67,1204.77,1192.75,1200.93,61098
2018.09.18 00:00,1201.38,1203.48,1195.82,1198.04,80695
2018.09.19 00:00,1197.95,1206.16,1197.92,1203.68,69378
2018.09.20 00:00,1203.81,1208.4,1201.23,1207.07,69611
2018.09.21 00:00,1206.75,1211.03,1191.78,1199.1,70594
2018.09.24 00:00,1198.88,1204.12,1194.36,1198.66,52248
2018.09.25 00:00,1198.93,1203.34,1197.01,1201.06,55189
2018.09.26 00:00,1201.33,1202.44,1190.47,1194.22,87291
2018.09.27 00:00,1194.83,1198.52,1181.84,1182.52,62745
2018.09.28 00:00,1183.34,1193.94,1180.66,1191.51,64208
2018.10.01 00:00,1191.89,1192.15,1184.51,1188.66,52576
2018.10.02 00:00,1188.81,1208.19,1188.67,1202.74,69784
2018.10.03 00:00,1203.98,1208.25,1196.43,1196.85,61515
2018.10.04 00:00,1197.97,1206.74,1195.95,1199.72,70104
2018.10.05 00:00,1199.65,1205.76,1197.2,1202.75,72912
2018.10.08 00:00,1203.18,1204.04,1183.33,1187.96,37667
2018.10.09 00:00,1188.2,1191.81,1183.16,1189.48,60546
2018.10.10 00:00,1189.46,1194.75,1185.25,1194.03,60583
2018.10.11 00:00,1194.18,1226.3,1191.22,1224.82,84466
2018.10.12 00:00,1223.21,1223.67,1215.8,1217.76,63032
2018.10.15 00:00,1217.78,1233.22,1217.74,1226.81,62824
2018.10.16 00:00,1227.19,1232.36,1223.4,1224.42,58611
2018.10.17 00:00,1224.87,1229.43,1220.53,1222.21,53881
2018.10.18 00:00,1221.96,1230.1,1218.63,1225.75,61042
2018.10.19 00:00,1225.47,1230.75,1223.02,1226.38,59969
2018.10.22 00:00,1228,1229.51,1219.97,1221.86,50370
2018.10.23 00:00,1222.05,1239.71,1221.65,1230.34,57126
2018.10.24 00:00,1230.87,1233.57,1225.55,1233.33,59709
2018.10.25 00:00,1233.92,1239.14,1228.05,1231.86,58668
2018.10.26 00:00,1232.08,1243.36,1229.98,1233.53,84231
2018.10.29 00:00,1232.96,1235.34,1224.25,1229.47,68326
2018.10.30 00:00,1229.55,1230.53,1219.8,1222.97,52328
2018.10.31 00:00,1222.4,1222.96,1211.93,1214.48,58086
2018.11.01 00:00,1215.3,1237.33,1215.26,1233.04,66877
2018.11.02 00:00,1234.29,1236.37,1229.67,1232.75,70496
2018.11.05 00:00,1233.14,1235.1,1226.82,1231.36,51254
2018.11.06 00:00,1231.31,1235.89,1223.44,1227.03,57608
2018.11.07 00:00,1227.19,1236.43,1222.93,1226.36,86968
2018.11.08 00:00,1226.39,1227.03,1219.98,1223.37,56146
2018.11.09 00:00,1223.25,1223.44,1206.65,1209.32,58787
2018.11.12 00:00,1209.41,1211.39,1200.16,1200.16,51033
2018.11.13 00:00,1201.1,1205.11,1196.21,1201.99,59864
2018.11.14 00:00,1202.63,1216.49,1197.64,1210.54,76536
2018.11.15 00:00,1210.99,1216.42,1207.66,1212.69,68387
2018.11.16 00:00,1213.25,1225.23,1213.1,1221.2,59300
2018.11.19 00:00,1221.94,1225.16,1217.97,1223.85,50688
2018.11.20 00:00,1223.83,1228.7,1219.93,1221.52,66031
2018.11.21 00:00,1221.85,1230.03,1219.65,1225.82,51457
2018.11.22 00:00,1225.42,1229.06,1224.81,1226.96,34363
2018.11.23 00:00,1226.98,1228.49,1219.88,1222.51,43894
2018.11.26 00:00,1223.38,1228.07,1221.65,1222.15,47348
2018.11.27 00:00,1222.38,1225.21,1211.82,1214.47,50906
2018.11.28 00:00,1214.92,1226.65,1211.15,1221.06,51784
2018.11.29 00:00,1220.51,1228.91,1220.42,1224.03,60007
2018.11.30 00:00,1224.08,1225.49,1216.62,1221.96,52149
2018.12.03 00:00,1222.91,1234.86,1221.25,1230.84,60510
2018.12.04 00:00,1230.67,1241.89,1230.38,1238.54,65890
2018.12.05 00:00,1238.54,1239.2,1233.25,1237.06,29802
2018.12.06 00:00,1237.26,1244.29,1234.68,1237.76,76720
2018.12.07 00:00,1237.72,1249.98,1237.24,1248.41,61676
2018.12.10 00:00,1250.4,1250.49,1241.55,1244.09,70502
2018.12.11 00:00,1244.78,1249.46,1240.96,1242.83,75476
2018.12.12 00:00,1243.15,1247.19,1241.93,1245.39,59387
2018.12.13 00:00,1245.73,1246.68,1240.05,1242,62080
2018.12.14 00:00,1241.71,1242.95,1232.89,1238,64452
2018.12.17 00:00,1237.33,1248.06,1235.47,1245.8,45136
2018.12.18 00:00,1245.69,1250.33,1244.97,1249.37,57195
2018.12.19 00:00,1249.78,1257.99,1241.61,1242.98,77529
2018.12.20 00:00,1244.23,1266.43,1242.68,1259.69,61651
2018.12.21 00:00,1260.51,1262.7,1253.85,1255.38,49285
2018.12.24 00:00,1258.48,1269.75,1257.89,1268.3,35322
2018.12.26 00:00,1272.38,1279.05,1264.46,1266.78,40974
2018.12.27 00:00,1266.65,1278.92,1265.51,1275.5,51120
2018.12.28 00:00,1275.35,1282.1,1274.2,1280.59,44994
2018.12.31 00:00,1279.92,1284.02,1277.38,1279.48,29631
2019.01.02 00:00,1282.21,1288.7,1278.64,1284.6,39271
2019.01.03 00:00,1287.68,1294.96,1284.5,1293.97,57318
2019.01.04 00:00,1293.66,1298.52,1276.54,1284.53,61565
2019.01.07 00:00,1285.34,1295.03,1282.56,1288.72,46553
2019.01.08 00:00,1289.16,1290.18,1279.31,1285.04,43237
2019.01.09 00:00,1284.62,1293.9,1280.01,1292.93,50186
2019.01.10 00:00,1292.98,1297.03,1286.03,1286.1,42686
2019.01.11 00:00,1286.75,1295.12,1286.72,1287.39,37019
2019.01.14 00:00,1288.04,1295.79,1287.77,1291.37,37149
2019.01.15 00:00,1292.4,1294.59,1286.71,1288.92,42365
2019.01.16 00:00,1289.58,1294.95,1287.78,1293.62,37703
2019.01.17 00:00,1293.7,1295.33,1288.67,1291.78,37454
2019.01.18 00:00,1292.24,1292.4,1280.56,1281.18,36426
2019.01.21 00:00,1282.53,1283.47,1276.76,1280.03,22469
2019.01.22 00:00,1280.14,1285.41,1277.35,1284.97,33935
2019.01.23 00:00,1284.9,1286.47,1278.59,1282.42,29596
2019.01.24 00:00,1282.78,1284.71,1276.7,1280.75,33915
2019.01.25 00:00,1280.33,1303.91,1279.89,1302.79,39372
2019.01.28 00:00,1302.27,1304.35,1297.56,1303.21,30687
2019.01.29 00:00,1303.12,1311.94,1302.66,1311.66,36066
2019.01.30 00:00,1311.51,1323.37,1308.92,1319.59,44860
2019.01.31 00:00,1320.3,1326.25,1317.36,1321.05,43609
2019.02.01 00:00,1320.95,1323.44,1316.06,1317.71,40010
2019.02.04 00:00,1317.6,1317.89,1308.53,1311.96,32119
2019.02.05 00:00,1311.76,1316.77,1310.66,1314.87,30404
2019.02.06 00:00,1314.6,1315.74,1305.53,1306.33,28894
2019.02.07 00:00,1307.41,1311.9,1302.73,1309.95,34320
2019.02.08 00:00,1309.96,1315.6,1307.72,1313.95,28521
2019.02.11 00:00,1313.14,1314.8,1303.59,1308.1,30756
2019.02.12 00:00,1307.39,1314.68,1306.45,1310.57,31972
2019.02.13 00:00,1311.12,1318.11,1304.94,1305.88,38150
2019.02.14 00:00,1306.46,1314.31,1302.34,1312.21,42537
2019.02.15 00:00,1312.61,1322.57,1311.29,1321.26,39684
2019.02.18 00:00,1317.36,1327.61,1315.81,1326.06,24647
2019.02.19 00:00,1326.23,1341.81,1322.81,1341.16,40578
2019.02.20 00:00,1339.91,1346.66,1336.83,1338.2,44124
2019.02.21 00:00,1339.03,1341.43,1320.88,1323.3,45926
2019.02.22 00:00,1324.22,1333.05,1321.5,1327.56,42277
2019.02.25 00:00,1327.47,1332.51,1325.07,1327.24,39118
2019.02.26 00:00,1327.22,1330.15,1323.43,1328.69,37082
2019.02.27 00:00,1329.03,1329.81,1316.57,1319.62,30898
2019.02.28 00:00,1319.99,1327.22,1312.55,1313.08,44328
2019.03.01 00:00,1314.15,1315.17,1290.12,1293.42,44869
2019.03.04 00:00,1295.06,1296.96,1282.8,1286.46,40156
2019.03.05 00:00,1286.88,1289.55,1281.13,1287.38,37932
2019.03.06 00:00,1287.23,1290.86,1283.49,1286.15,36348
2019.03.07 00:00,1286.52,1288.99,1280.77,1285.33,39802
2019.03.08 00:00,1284.52,1300.69,1284.41,1298.23,44398
2019.03.11 00:00,1296.85,1299.04,1290.42,1293.27,32454
2019.03.12 00:00,1293.04,1302.19,1291.96,1301.15,31873
2019.03.13 00:00,1300.91,1311.19,1300.87,1309.1,31237
2019.03.14 00:00,1309.79,1310.31,1292.73,1296.08,33687
2019.03.15 00:00,1296.09,1306.36,1293.93,1301.92,33130
2019.03.18 00:00,1302.24,1306.67,1298.13,1303.41,29029
2019.03.19 00:00,1303.35,1310.87,1302.27,1306.41,32840
2019.03.20 00:00,1306.63,1316.98,1298.57,1312.34,40670
2019.03.21 00:00,1314.15,1320.35,1303.16,1309.28,40550
2019.03.22 00:00,1309.15,1314.92,1306.79,1313.07,42107
2019.03.25 00:00,1312.19,1324.49,1310.91,1322.01,36116
2019.03.26 00:00,1321.89,1323.21,1312.63,1315.1,33737
2019.03.27 00:00,1316.56,1319.27,1308.02,1309.63,49515
2019.03.28 00:00,1309.31,1312.24,1288.48,1289.87,40599
2019.03.29 00:00,1291.03,1299.71,1286.66,1292.16,36253
2019.04.01 00:00,1292.15,1296.97,1286.37,1287.3,35818
2019.04.02 00:00,1287.35,1292.41,1285.24,1292.34,25835
2019.04.03 00:00,1292.19,1294.52,1288.34,1289.66,27327
2019.04.04 00:00,1290.39,1294.35,1280.88,1292.38,27632
2019.04.05 00:00,1292.74,1293.53,1284.35,1291.49,27455
2019.04.08 00:00,1292.17,1303.66,1291.39,1297.49,23309
2019.04.09 00:00,1297.78,1306.15,1296.55,1303.9,33090
2019.04.10 00:00,1304.36,1310.53,1300.9,1307.94,33655
2019.04.11 00:00,1308.05,1309.13,1289.53,1292.26,40410
2019.04.12 00:00,1292.42,1295.76,1290.01,1290.46,35036
2019.04.15 00:00,1291.22,1291.89,1282.43,1287.57,30511
2019.04.16 00:00,1287.82,1288.72,1272.89,1276.69,37582
2019.04.17 00:00,1276.72,1279.71,1272.93,1273.76,32860
2019.04.18 00:00,1274.26,1277.65,1271.09,1275.47,31394
2019.04.22 00:00,1275.72,1279.77,1273.74,1274.7,21624
2019.04.23 00:00,1275.25,1276.44,1266.21,1272.1,30666
2019.04.24 00:00,1272.14,1278.49,1268.72,1275.5,32797
2019.04.25 00:00,1275.62,1282.53,1273.31,1277.18,34181
2019.04.26 00:00,1277.33,1288.67,1274.15,1285.95,38920
2019.04.29 00:00,1285.92,1286.65,1278.01,1279.49,30175
2019.04.30 00:00,1279.91,1286.14,1279.85,1283.29,36375
2019.05.01 00:00,1283.13,1287.23,1272.83,1276.48,42936
2019.05.02 00:00,1277.06,1277.91,1266.2,1270.48,37990
2019.05.03 00:00,1270.52,1282.52,1268.13,1278.97,39549
2019.05.06 00:00,1282.56,1285.77,1276.93,1280.2,39892
2019.05.07 00:00,1281.33,1286.03,1278.13,1284.28,39904
2019.05.08 00:00,1283.91,1291.44,1279.27,1280.49,42097
2019.05.09 00:00,1281.23,1288.17,1279.56,1283.4,46217
2019.05.10 00:00,1284.43,1289.37,1283.11,1285.66,48490
2019.05.13 00:00,1287.13,1301.19,1281.9,1299.79,44745
2019.05.14 00:00,1300.59,1303.23,1293.65,1296.76,32675
2019.05.15 00:00,1297.04,1300.84,1292.99,1296.35,38680
2019.05.16 00:00,1296.45,1298.72,1283.97,1286.31,36934
2019.05.17 00:00,1286.54,1288.89,1274.72,1277.48,38861
2019.05.20 00:00,1278.29,1278.95,1273.61,1277.63,30684
2019.05.21 00:00,1277.54,1277.86,1269.41,1274.69,29422
2019.05.22 00:00,1274.5,1277.26,1272.43,1273.41,28455
2019.05.23 00:00,1273.64,1287.27,1272.78,1283.56,42712
2019.05.24 00:00,1283.49,1285.2,1280.71,1284.8,32122
2019.05.27 00:00,1285.21,1287.33,1283.72,1284.95,15551
2019.05.28 00:00,1285.2,1286.51,1276.09,1279.4,38161
2019.05.29 00:00,1279.39,1285.51,1279.11,1280.2,45534
2019.05.30 00:00,1280,1289.17,1274.95,1288.41,37312
2019.05.31 00:00,1288.29,1306.92,1287.93,1305.13,47039
2019.06.03 00:00,1306.59,1327.92,1306.49,1324.48,50885
2019.06.04 00:00,1324.89,1329,1319.87,1325.59,49993
2019.06.05 00:00,1325.24,1344.04,1324.49,1330.09,65031
2019.06.06 00:00,1332.17,1339.79,1327.18,1335.52,55111
2019.06.07 00:00,1335.9,1348.23,1330.23,1340.24,52484
2019.06.10 00:00,1334.62,1337.65,1325.03,1327.84,47974
2019.06.11 00:00,1328.06,1329.84,1319.83,1326.65,46762
2019.06.12 00:00,1326.87,1338.38,1325.98,1333.23,50814
2019.06.13 00:00,1333.66,1343.09,1332.38,1341.81,43496
2019.06.14 00:00,1342.27,1358.12,1337.73,1340.82,62043
2019.06.17 00:00,1341.76,1343.47,1332.93,1339.48,49206
2019.06.18 00:00,1340.04,1354.57,1338.59,1346.51,71328
2019.06.19 00:00,1346.14,1362.54,1341.31,1359.64,72466
2019.06.20 00:00,1359.47,1393.9,1357.65,1388.35,102246
2019.06.21 00:00,1387.4,1411.76,1382.48,1398.68,118183
2019.06.24 00:00,1399.87,1421.41,1399.42,1419.11,78266
2019.06.25 00:00,1418,1439.21,1411.82,1423.19,130617
2019.06.26 00:00,1419.69,1422.04,1401.82,1408.67,109233
2019.06.27 00:00,1407.94,1412.12,1398.59,1409.1,76489
2019.06.28 00:00,1408.7,1424.6,1405.63,1409.91,80301
2019.07.01 00:00,1391.67,1397.72,1381.66,1383.75,91450
2019.07.02 00:00,1383.94,1420.97,1383.74,1418,79268
2019.07.03 00:00,1422.59,1437.73,1411.96,1418.41,97900
2019.07.04 00:00,1420.14,1421.61,1410.13,1415.29,37381
2019.07.05 00:00,1416.39,1424.15,1386.63,1398.09,77113
2019.07.08 00:00,1399.09,1407.53,1391.68,1395.28,58768
2019.07.09 00:00,1394.69,1399.93,1385.69,1397.51,51415
2019.07.10 00:00,1395.68,1418.55,1389.81,1417.87,68331
2019.07.11 00:00,1419.07,1427.07,1400.73,1403.73,65404
2019.07.12 00:00,1404.51,1416.84,1403.08,1414.83,53268
2019.07.15 00:00,1416.52,1419.73,1407.63,1413.7,48080
2019.07.16 00:00,1414.44,1418.22,1400.68,1405.82,54713
2019.07.17 00:00,1406.48,1426.75,1400.01,1426.21,51546
2019.07.18 00:00,1426.3,1448.07,1414.56,1445.65,78476
2019.07.19 00:00,1448.13,1452.92,1420.13,1424.96,91707
2019.07.22 00:00,1426.44,1429.98,1422.18,1424.67,61460
2019.07.23 00:00,1424.71,1430.21,1414.13,1417.6,61934
2019.07.24 00:00,1417.19,1429.51,1416.27,1425.11,58410
2019.07.25 00:00,1425.24,1433.73,1411,1414.11,70765
2019.07.26 00:00,1414.84,1424.79,1413.4,1418.31,47512
2019.07.29 00:00,1420.75,1428.11,1414.8,1426.62,36670
2019.07.30 00:00,1425.73,1433.2,1422.26,1430.61,45064
2019.07.31 00:00,1430.57,1434.47,1410.17,1412.23,75264
2019.08.01 00:00,1415.85,1445.95,1400.44,1444.89,91909
2019.08.02 00:00,1445.59,1447.93,1430.29,1440.32,109809
2019.08.05 00:00,1440.29,1469.72,1436.67,1463.72,111163
2019.08.06 00:00,1467.57,1474.81,1456.33,1474.27,98081
2019.08.07 00:00,1474.58,1510.33,1472.18,1501.25,134373
2019.08.08 00:00,1498.84,1509.53,1489.97,1500.88,101100
2019.08.09 00:00,1506.34,1508.09,1494.74,1497.02,88737
2019.08.12 00:00,1496.05,1519.99,1487.2,1511.72,77110
2019.08.13 00:00,1510.51,1534.95,1479.77,1501.35,121062
2019.08.14 00:00,1501.62,1524.03,1493.78,1516.18,121466
2019.08.15 00:00,1518.59,1526.97,1507.81,1523.42,135399
2019.08.16 00:00,1521.85,1527.97,1503.63,1512.1,87768
2019.08.19 00:00,1509.43,1512.9,1493.18,1495.79,77501
2019.08.20 00:00,1496.54,1508.55,1492.93,1507.36,63548
2019.08.21 00:00,1506.52,1508.03,1496.43,1502.31,61239
2019.08.22 00:00,1501.86,1504.55,1492.43,1498.16,66041
2019.08.23 00:00,1498.54,1530.2,1493.47,1526.25,98456
2019.08.26 00:00,1545.74,1555.21,1524.93,1527.38,127966
2019.08.27 00:00,1527.27,1544.65,1525.63,1542.63,83672
2019.08.28 00:00,1540.96,1546.83,1531.79,1541.01,89182
2019.08.29 00:00,1539.02,1550.3,1519.52,1526.87,107263
2019.08.30 00:00,1527.53,1533.11,1516.93,1520.55,92368
2019.09.02 00:00,1529.39,1533.77,1519.22,1528.96,50614
2019.09.03 00:00,1526.91,1549.68,1521.61,1548.7,100722
2019.09.04 00:00,1546.53,1556.98,1533.78,1552.6,95612
2019.09.05 00:00,1551.44,1552.95,1506.19,1518.89,103092
2019.09.06 00:00,1518.45,1527.81,1502.47,1506.38,109340
2019.09.09 00:00,1503.51,1515.43,1497.54,1498.81,81607
2019.09.10 00:00,1498.32,1500.97,1484.45,1485.77,87411
2019.09.11 00:00,1486.28,1498.23,1485.99,1496.52,66314
2019.09.12 00:00,1496.74,1524.13,1489.16,1498.97,93718
2019.09.13 00:00,1497.62,1508.94,1485.71,1488.55,73329
2019.09.16 00:00,1500.71,1512.09,1495.83,1498.4,84660
2019.09.17 00:00,1498.49,1507.03,1493.39,1501.32,67403
2019.09.18 00:00,1501.47,1511.54,1482.97,1493.24,65272
2019.09.19 00:00,1492.89,1504.45,1488.92,1498.47,74260
2019.09.20 00:00,1499.19,1517.01,1497.89,1516.27,60729
2019.09.23 00:00,1512.63,1526.77,1511.48,1522.12,71616
2019.09.24 00:00,1523.09,1535.63,1515.55,1531.17,77381
2019.09.25 00:00,1533.29,1535.08,1500.4,1503.64,84604
2019.09.26 00:00,1503.66,1512.25,1500.25,1504.56,74798
2019.09.27 00:00,1503.95,1507.34,1486.79,1496.61,87365
2019.09.30 00:00,1496.25,1500.41,1464.43,1472.29,85679
2019.10.01 00:00,1472.93,1487.19,1459.03,1479.38,91422
2019.10.02 00:00,1480.06,1505.02,1474.44,1499.92,90625
2019.10.03 00:00,1498.96,1519.48,1495.76,1504.83,93063
2019.10.04 00:00,1506.04,1515.54,1495.77,1504.5,88317
2019.10.07 00:00,1508.53,1509.25,1487.97,1493.27,86523
2019.10.08 00:00,1493.37,1509.65,1486.81,1505.48,107974
2019.10.09 00:00,1506.45,1512.34,1499.8,1505.42,86218
2019.10.10 00:00,1505.7,1516.98,1491.02,1493.39,115499
2019.10.11 00:00,1494.46,1503.13,1473.93,1487.93,118368
2019.10.14 00:00,1486.43,1497.06,1482.77,1493.03,74909
2019.10.15 00:00,1492.37,1498.53,1477.13,1481,85309
2019.10.16 00:00,1481.09,1491.51,1476.96,1489.52,91869
2019.10.17 00:00,1489.99,1497.31,1483.37,1492.23,81532
2019.10.18 00:00,1491.98,1494.17,1484.81,1489.93,72019
2019.10.21 00:00,1491.65,1495.17,1481.42,1484.06,73746
2019.10.22 00:00,1484.53,1488.93,1480.78,1487.77,69834
2019.10.23 00:00,1487.93,1496.23,1487.62,1491.75,65293
2019.10.24 00:00,1491.33,1503.96,1487.93,1502.9,67974
2019.10.25 00:00,1503.03,1517.93,1500.55,1504.16,76377
2019.10.28 00:00,1503.29,1508.17,1489.93,1492.54,76826
2019.10.29 00:00,1491.81,1494.71,1483.33,1487.9,73054
2019.10.30 00:00,1487.39,1496.52,1481.08,1495.6,74557
2019.10.31 00:00,1495.77,1514.19,1493.89,1512.13,70127
2019.11.01 00:00,1512.49,1516.09,1503.22,1513.9,72696
2019.11.04 00:00,1512.69,1514.77,1504.34,1509.48,60931
2019.11.05 00:00,1508.83,1509.61,1479.31,1483.78,86931
2019.11.06 00:00,1483.71,1494.13,1482.91,1490.14,70392
2019.11.07 00:00,1489.79,1492.21,1460.46,1468.52,100691
2019.11.08 00:00,1468.11,1472.87,1456.12,1458.72,83604
2019.11.11 00:00,1460.22,1466.36,1448.15,1455.65,62464
2019.11.12 00:00,1454.99,1460.32,1445.57,1456.3,88273
2019.11.13 00:00,1457.29,1467,1456.64,1463.26,84024
2019.11.14 00:00,1463.99,1474.55,1461.07,1470.97,79413
2019.11.15 00:00,1471.22,1471.31,1462.37,1467.37,63220
2019.11.18 00:00,1467.85,1473.89,1456.28,1470.78,65688
2019.11.19 00:00,1470.65,1475.23,1464.72,1472.31,70981
2019.11.20 00:00,1473.67,1478.75,1465.88,1471.05,80216
2019.11.21 00:00,1474.9,1475.59,1462.28,1464.32,84627
2019.11.22 00:00,1464.37,1473.18,1461.25,1461.81,69819
2019.11.25 00:00,1460.39,1462.08,1454,1454.94,58527
2019.11.26 00:00,1454.94,1462.87,1450.02,1461.3,55649
2019.11.27 00:00,1461.11,1461.75,1452.45,1453.93,57103
2019.11.28 00:00,1455.75,1458.26,1454.16,1455.74,31775
2019.11.29 00:00,1455.39,1466.53,1452.94,1463.83,48203
2019.12.02 00:00,1462.43,1465.29,1453.89,1462.45,65523
2019.12.03 00:00,1461.61,1481.73,1459.78,1477.32,65924
2019.12.04 00:00,1476.47,1484.01,1471.35,1474.33,79731
2019.12.05 00:00,1474.37,1480.29,1472.86,1475.76,68940
2019.12.06 00:00,1476.04,1479.82,1458.66,1459.53,63328
2019.12.09 00:00,1458.58,1465.35,1458.48,1461.71,46080
2019.12.10 00:00,1461.41,1469.17,1459.95,1464.35,66086
2019.12.11 00:00,1464.16,1478.84,1462.63,1474.72,63369
2019.12.12 00:00,1474.89,1486.69,1463.89,1469.4,80536
2019.12.13 00:00,1466.57,1478,1461.73,1475.44,92543
2019.12.16 00:00,1474.85,1479.85,1473.09,1475.9,55769
2019.12.17 00:00,1475.89,1480.49,1474.12,1475.99,55358
2019.12.18 00:00,1475.76,1479.24,1470.38,1475.45,51047
2019.12.19 00:00,1475.3,1481.64,1473.19,1478.7,49593
2019.12.20 00:00,1478.94,1480.94,1475.78,1477.93,44501
2019.12.23 00:00,1477.96,1486.09,1477.46,1485.38,44323
2019.12.24 00:00,1485.2,1500.44,1484.33,1498.99,39618
2019.12.26 00:00,1503.27,1512.56,1502.27,1511.04,42592
2019.12.27 00:00,1510.77,1515.29,1507.28,1510.63,54172
2019.12.30 00:00,1511.16,1516.07,1510.7,1514.96,57637
2019.12.31 00:00,1514.63,1525.23,1514.54,1520.46,51632
2020.01.02 00:00,1520.26,1531.32,1518.38,1528.77,55524
2020.01.03 00:00,1528.25,1553.43,1527.86,1551.44,95044
2020.01.06 00:00,1575.89,1582.09,1560.7,1565.63,118721
2020.01.07 00:00,1564.53,1577.32,1555.23,1573.24,96091
2020.01.08 00:00,1575.99,1611.35,1552.22,1556.36,156878
2020.01.09 00:00,1554.75,1561.29,1540.2,1552.08,87919
2020.01.10 00:00,1552.91,1563.13,1545.73,1561.76,78711
2020.01.13 00:00,1559.55,1560.6,1546.51,1548.34,72777
2020.01.14 00:00,1548.13,1548.85,1535.96,1546.25,85110
2020.01.15 00:00,1546.37,1558.17,1546.27,1556.22,73629
2020.01.16 00:00,1555.18,1558.06,1547.98,1552.46,65408
2020.01.17 00:00,1552.29,1561.21,1549.33,1556.83,64606
2020.01.20 00:00,1559,1562.76,1556.35,1560.5,31344
2020.01.21 00:00,1560.88,1568.59,1546.3,1557.91,84727
2020.01.22 00:00,1558.01,1559.22,1550.15,1558.6,68635
2020.01.23 00:00,1558.55,1567.91,1551.85,1562.8,80486
2020.01.24 00:00,1561.79,1575.95,1556.49,1570.9,81710
2020.01.27 00:00,1580.71,1588.28,1575.87,1581.88,105097
2020.01.28 00:00,1580.91,1583.03,1565.44,1567.78,83057
2020.01.29 00:00,1568.65,1578,1563.35,1577.11,72438
2020.01.30 00:00,1575.25,1585.99,1572.22,1573.85,96702
2020.01.31 00:00,1575.06,1590.48,1570.87,1588.83,97516
2020.02.03 00:00,1588.65,1592,1569.28,1576.3,91040
2020.02.04 00:00,1578.56,1579.61,1548.97,1552.74,81029
2020.02.05 00:00,1553.18,1562.41,1547.38,1556.41,84219
2020.02.06 00:00,1554.67,1568.23,1552.46,1566.46,71100
2020.02.07 00:00,1565.81,1574.05,1560.08,1570,97707
2020.02.10 00:00,1569.27,1577.01,1567.96,1571.87,72137
2020.02.11 00:00,1572.09,1574.05,1561.92,1567.63,75255
2020.02.12 00:00,1567.49,1570.46,1561.95,1565.73,65805
2020.02.13 00:00,1566.13,1578.33,1565.51,1575.98,80200
2020.02.14 00:00,1575.91,1585.01,1573.02,1583.69,60275
2020.02.17 00:00,1581.25,1583.78,1578.85,1580.86,30617
2020.02.18 00:00,1583.69,1605.05,1583.23,1601.35,78332
2020.02.19 00:00,1601.17,1612.91,1599.53,1611.34,81876
2020.02.20 00:00,1610.97,1623.73,1603.84,1619.26,105222
2020.02.21 00:00,1619.7,1649.23,1618.92,1643.73,115265
2020.02.24 00:00,1659.37,1689.25,1650.83,1658.5,156168
2020.02.25 00:00,1657.47,1658.77,1624.98,1635.26,176551
2020.02.26 00:00,1638.13,1654.95,1624.73,1640.5,161690
2020.02.27 00:00,1641.12,1660.37,1635.19,1644.23,163430
2020.02.28 00:00,1641.91,1649.46,1562.93,1584.7,186323
2020.03.02 00:00,1581.79,1610.94,1575.31,1589.75,171570
2020.03.03 00:00,1590.45,1649.29,1589.58,1639.48,146391
2020.03.04 00:00,1642.09,1653.13,1631.81,1635.73,124231
2020.03.05 00:00,1636.57,1674.57,1634.97,1671.58,121017
2020.03.06 00:00,1671.61,1692.09,1641.97,1674.06,164891
2020.03.09 00:00,1695.92,1703.44,1657.41,1678.15,151869
2020.03.10 00:00,1667.73,1671.42,1641.49,1649.37,143340
2020.03.11 00:00,1651.93,1671.24,1632.94,1636.63,128334
2020.03.12 00:00,1640.1,1650.07,1560.59,1578.63,158775
2020.03.13 00:00,1576.3,1597.91,1504.62,1529.78,192149
2020.03.16 00:00,1543.04,1562.94,1451.13,1509.09,219115
2020.03.17 00:00,1511.75,1553.85,1465.42,1527.8,208552
2020.03.18 00:00,1537.29,1543.29,1472.61,1484.63,192152
2020.03.19 00:00,1485.3,1500.77,1461.89,1474.34,137143
2020.03.20 00:00,1467.47,1515.93,1465.83,1498.64,104650
2020.03.23 00:00,1490.2,1561.08,1485,1552.39,110268
2020.03.24 00:00,1563.45,1632.3,1557.62,1625.33,74427
2020.03.25 00:00,1630.56,1638.85,1594.95,1616.35,63879
2020.03.26 00:00,1612.4,1644.37,1595.26,1628.93,52710
2020.03.27 00:00,1630.2,1631.06,1613.83,1622.55,58020
2020.03.30 00:00,1619.97,1632.25,1610.39,1620.31,65237
2020.03.31 00:00,1621.75,1622.22,1574.19,1576.78,83749
2020.04.01 00:00,1571.41,1599.96,1569.33,1591.26,72363
2020.04.02 00:00,1590.36,1620.17,1582.65,1611.66,100031
2020.04.03 00:00,1614.39,1626.04,1605.85,1615.7,68469
2020.04.06 00:00,1614.62,1669.88,1608.35,1658.19,94932
2020.04.07 00:00,1664.81,1674.02,1642.16,1647.94,113280
2020.04.08 00:00,1647.27,1656.87,1641.58,1645.4,70588
2020.04.09 00:00,1645.41,1690.43,1643.86,1683.56,100976
2020.04.13 00:00,1677.47,1723.27,1674.98,1711.98,79657
2020.04.14 00:00,1712.25,1747.4,1708.56,1726.54,121755
2020.04.15 00:00,1726.54,1731.11,1707.52,1716.5,101927
2020.04.16 00:00,1716.49,1738.66,1708.01,1718.38,120139
2020.04.17 00:00,1718.48,1718.52,1680.1,1682.14,126136
2020.04.20 00:00,1683.02,1702.7,1671.55,1695.28,149666
2020.04.21 00:00,1695.4,1697.86,1660.03,1683.54,159877
2020.04.22 00:00,1683.79,1718.74,1680.29,1714.87,96972
2020.04.23 00:00,1714.66,1738.78,1707,1730.31,135452
2020.04.24 00:00,1730.56,1736.35,1710.36,1726.41,124540
2020.04.27 00:00,1722.32,1727.59,1705.87,1714.94,122739
2020.04.28 00:00,1714.9,1716.16,1691.54,1707.65,120584
2020.04.29 00:00,1708.02,1717.67,1697.76,1712.89,123365
2020.04.30 00:00,1712.95,1721.72,1681.24,1685.98,131530
2020.05.01 00:00,1686.02,1705.47,1670.4,1699.6,146791
2020.05.04 00:00,1698.03,1713.44,1691.64,1701,90399
2020.05.05 00:00,1701.13,1712.04,1689.63,1704.71,93525
2020.05.06 00:00,1704.51,1708.06,1681.14,1685.19,86078
2020.05.07 00:00,1685.19,1722.01,1684.14,1715.25,93033
2020.05.08 00:00,1715.52,1723.6,1701.09,1702.09,112340
2020.05.11 00:00,1702.38,1711.8,1691.53,1697.64,112436
2020.05.12 00:00,1697.67,1710.95,1693.61,1702.26,101722
2020.05.13 00:00,1702.09,1718.08,1698.93,1715.3,133767
2020.05.14 00:00,1715.31,1736.39,1711,1730.06,124146
2020.05.15 00:00,1730.06,1751.68,1728.61,1741.85,144595
2020.05.18 00:00,1747.36,1765.08,1727.5,1732.2,145651
2020.05.19 00:00,1732.05,1748.03,1725.6,1744.24,150585
2020.05.20 00:00,1744.07,1753.8,1742.3,1747.21,120833
2020.05.21 00:00,1747.24,1748.79,1717.1,1726.76,126972
2020.05.22 00:00,1726.7,1740.09,1724.25,1735.45,99319
2020.05.25 00:00,1732.11,1733.34,1721.55,1728.22,64718
2020.05.26 00:00,1726.06,1735.41,1708.65,1710.31,112094
2020.05.27 00:00,1710.41,1715.99,1693.62,1709.57,91160
2020.05.28 00:00,1709.27,1727.57,1707.27,1718.68,91368
2020.05.29 00:00,1719.54,1737.69,1712.75,1730.41,86023
2020.06.01 00:00,1735.4,1744.51,1726.84,1739.48,86512
2020.06.02 00:00,1737.81,1745.09,1721.3,1727.45,83030
2020.06.03 00:00,1727.04,1731.75,1689.21,1698.26,97747
2020.06.04 00:00,1699.17,1721.73,1696.99,1712.8,90044
2020.06.05 00:00,1714.75,1716.04,1670.55,1684.3,107874
2020.06.08 00:00,1680.52,1700.67,1677.22,1698.39,86257
2020.06.09 00:00,1700.09,1720.83,1692.11,1714.16,95378
2020.06.10 00:00,1715.38,1739.75,1708.2,1737.83,97211
2020.06.11 00:00,1737.94,1744.63,1721.27,1728.56,113901
2020.06.12 00:00,1729.22,1743.03,1722.14,1730.57,99214
2020.06.15 00:00,1730.76,1734.13,1704.11,1725.24,114171
2020.06.16 00:00,1725.27,1732.84,1716.41,1726.41,101815
2020.06.17 00:00,1725,1730.23,1712.6,1726.19,75069
2020.06.18 00:00,1725.79,1737.59,1717.3,1722.48,80514
2020.06.19 00:00,1722.81,1745.28,1721.17,1742.26,74320
2020.06.22 00:00,1747.68,1763.2,1742.74,1754.55,94028
2020.06.23 00:00,1753.97,1771.07,1747.29,1766.95,91526
2020.06.24 00:00,1769.08,1779.43,1760.68,1761.28,97480
2020.06.25 00:00,1759.56,1768.87,1755.26,1763.63,80846
2020.06.26 00:00,1764.15,1772.03,1747.43,1769.57,77404
2020.06.29 00:00,1770.32,1775.43,1765.61,1772.6,65040
2020.06.30 00:00,1771.9,1785.94,1764.69,1780.54,64578
2020.07.01 00:00,1781.61,1789.08,1759.22,1769.84,83087
2020.07.02 00:00,1771.4,1779.39,1757.43,1774.97,71827
2020.07.03 00:00,1776.49,1777.1,1772.66,1774.9,30087
2020.07.06 00:00,1773.37,1787,1769.86,1784.25,60393
2020.07.07 00:00,1785.22,1797.34,1773.47,1794.6,71877
2020.07.08 00:00,1795.13,1817.92,1791.52,1808.45,69808
2020.07.09 00:00,1809.37,1815.91,1795.42,1802.32,76806
2020.07.10 00:00,1802.06,1810.43,1793.98,1798.57,62639
2020.07.13 00:00,1799.11,1813.31,1797.73,1802.27,71138
2020.07.14 00:00,1802.13,1810.84,1790.63,1808.99,80509
2020.07.15 00:00,1807.97,1815.04,1802.45,1809.97,65442
2020.07.16 00:00,1810.53,1813.29,1794.9,1796.84,63581
2020.07.17 00:00,1798.09,1811.95,1795.75,1809.68,48289
2020.07.20 00:00,1808.04,1820.53,1805.62,1817.21,69408
2020.07.21 00:00,1817.92,1843.47,1815.59,1841.48,84616
2020.07.22 00:00,1840.95,1872.02,1840.74,1871.22,126022
2020.07.23 00:00,1873.97,1898.36,1863.64,1885.97,137686
2020.07.24 00:00,1889.65,1906.5,1881.29,1901.63,97339
2020.07.27 00:00,1902.64,1945.62,1902.54,1940.96,137360
2020.07.28 00:00,1943.28,1981.16,1906.63,1957.98,162655
2020.07.29 00:00,1962.16,1980.75,1941.33,1970.82,110719
2020.07.30 00:00,1971.04,1971.32,1939.44,1957.54,124775
2020.07.31 00:00,1955.5,1983.97,1955.33,1975.02,123851
2020.08.03 00:00,1983.53,1984.9,1960.39,1975.98,93017
2020.08.04 00:00,1977.36,2019.82,1966.66,2018.53,99875
2020.08.05 00:00,2021.19,2055.57,2009.39,2038.96,153351
2020.08.06 00:00,2040.28,2069.74,2034.44,2063.25,135426
2020.08.07 00:00,2066.55,2074.87,2015.37,2033.15,188063
2020.08.10 00:00,2026.31,2049.85,2019.15,2027.61,134556
2020.08.11 00:00,2026.64,2029.92,1901.25,1912.57,198468
2020.08.12 00:00,1915.36,1949.48,1862.58,1918.98,193909
2020.08.13 00:00,1919.72,1966.16,1912.66,1953.64,155604
2020.08.14 00:00,1951.38,1962.37,1932.07,1943.57,134787
2020.08.17 00:00,1944.91,1990.68,1929.4,1984.43,137410
2020.08.18 00:00,1983.17,2015.57,1975.86,2002.22,149175
2020.08.19 00:00,2005.1,2006.37,1924.51,1927.66,168877
2020.08.20 00:00,1931.52,1955.26,1924.54,1946.17,169910
2020.08.21 00:00,1948.08,1955.97,1911.26,1938.98,149830
2020.08.24 00:00,1936.69,1961.88,1923.74,1928.38,131802
2020.08.25 00:00,1930.34,1937.49,1914.19,1926.87,131524
2020.08.26 00:00,1928.28,1954.82,1902.64,1953.14,134650
2020.08.27 00:00,1951.92,1976.53,1909.79,1928.32,159239
2020.08.28 00:00,1929.98,1973.78,1923.15,1964.34,148365
2020.08.31 00:00,1969.07,1976.54,1954.23,1968.22,99691
2020.09.01 00:00,1968.35,1992.29,1963.35,1970.63,110904
2020.09.02 00:00,1968.21,1973.26,1932.39,1943.08,115889
2020.09.03 00:00,1942.01,1950.94,1921.75,1930.45,121698
2020.09.04 00:00,1931.28,1948.36,1916.27,1933.09,122132
2020.09.07 00:00,1932.07,1941.37,1924.44,1928.29,53826
2020.09.08 00:00,1929.54,1940.84,1906.54,1931.51,127513
2020.09.09 00:00,1931.59,1950.84,1919.95,1947.37,106929
2020.09.10 00:00,1946.3,1966.53,1941.35,1946.01,125077
2020.09.11 00:00,1946.32,1954.8,1937.12,1940.48,115707
2020.09.14 00:00,1937.74,1962.56,1937.36,1956.52,94840
2020.09.15 00:00,1957.68,1972.21,1948.29,1953.34,101514
2020.09.16 00:00,1954.52,1973.64,1949.87,1959.15,114101
2020.09.17 00:00,1959.47,1960.96,1932.87,1944.2,116066
2020.09.18 00:00,1944.43,1960.1,1943.93,1950.42,104181
2020.09.21 00:00,1949.75,1955.62,1882.71,1911.92,140739
2020.09.22 00:00,1914.34,1920.03,1894.64,1900.34,138128
2020.09.23 00:00,1900.62,1905.39,1855.67,1862.74,170439
2020.09.24 00:00,1863.96,1877.15,1848.75,1868.66,185366
2020.09.25 00:00,1869.77,1875.18,1852.37,1860.14,143312
2020.09.28 00:00,1862.9,1882.96,1848.93,1881.84,121920
2020.09.29 00:00,1881.24,1899.12,1875.49,1897.48,121758
2020.09.30 00:00,1897.69,1902.27,1881.34,1885.23,124684
2020.10.01 00:00,1887.32,1912.12,1884.67,1905.94,129822
2020.10.02 00:00,1904.72,1917.1,1889.76,1900.58,110455
2020.10.05 00:00,1903.47,1918.73,1887.05,1913.65,96742
2020.10.06 00:00,1911.96,1921.09,1876.78,1877.56,103229
2020.10.07 00:00,1877.88,1898.01,1872.94,1887.83,94014
2020.10.08 00:00,1887.27,1900.62,1882,1893.5,89931
2020.10.09 00:00,1893.93,1930.41,1893.58,1929.87,93245
2020.10.12 00:00,1926.89,1933.18,1918.2,1922.63,89130
2020.10.13 00:00,1923.88,1925.37,1886.37,1891.07,98934
2020.10.14 00:00,1892.95,1912.94,1882.46,1900.49,88039
2020.10.15 00:00,1901.54,1908.9,1889.48,1907.92,100016
2020.10.16 00:00,1908.74,1913.92,1897.76,1898.76,79358
2020.10.19 00:00,1899.71,1918.47,1896.98,1903.44,81201
2020.10.20 00:00,1903.5,1914.03,1894.81,1907.53,80173
2020.10.21 00:00,1910.14,1931.36,1908.41,1924.6,87121
2020.10.22 00:00,1924.65,1925.94,1894.5,1903.67,83858
2020.10.23 00:00,1904.81,1914.19,1894.29,1901.41,72918
2020.10.26 00:00,1901.37,1908.52,1891.21,1901.68,84997
2020.10.27 00:00,1902.06,1911.42,1897.84,1907.35,70872
2020.10.28 00:00,1907.75,1910.87,1869.36,1876.81,107560
2020.10.29 00:00,1877.7,1884.97,1859.92,1867.11,101170
2020.10.30 00:00,1869.1,1889.79,1864.45,1878.37,102452
2020.11.02 00:00,1879.27,1896.02,1873.41,1895.06,91898
2020.11.03 00:00,1894.95,1910.55,1886.86,1908.94,83912
2020.11.04 00:00,1909.17,1916.31,1881.82,1903.27,138750
2020.11.05 00:00,1903.22,1952.76,1902.45,1949.17,136181
2020.11.06 00:00,1946.29,1960.29,1935.59,1951.81,129291
2020.11.09 00:00,1957.18,1965.46,1850.52,1863.13,178171
2020.11.10 00:00,1860.97,1890.35,1860.69,1877.39,145814
2020.11.11 00:00,1875.53,1884.41,1856.43,1865.5,110216
2020.11.12 00:00,1866.76,1883.81,1862.69,1876.71,108861
2020.11.13 00:00,1877.12,1896.75,1873.97,1889.28,91972
2020.11.16 00:00,1887.89,1899.01,1864.46,1888.66,117953
2020.11.17 00:00,1889.5,1893.43,1876.84,1880.19,92151
2020.11.18 00:00,1881.56,1884.82,1863.47,1871.97,88323
2020.11.19 00:00,1873.83,1874.13,1852.69,1866.84,88459
2020.11.20 00:00,1861.33,1879.75,1860.76,1870.9,69867
2020.11.23 00:00,1870.86,1876.14,1830.95,1837.49,90322
2020.11.24 00:00,1838.68,1838.95,1800.25,1807.71,115098
2020.11.25 00:00,1807.66,1817.63,1801.73,1807.07,80615
2020.11.26 00:00,1809.01,1818.22,1805.7,1810.2,48151
2020.11.27 00:00,1810.24,1813.88,1774.33,1786.76,77501
2020.11.30 00:00,1789.31,1789.86,1764.38,1777.64,99038
2020.12.01 00:00,1776.97,1817.27,1775.74,1815.42,84421
2020.12.02 00:00,1812.97,1832.55,1807.43,1830.72,80494
2020.12.03 00:00,1829.36,1843.91,1823.64,1840.98,89559
2020.12.04 00:00,1841.28,1848.17,1829.11,1838.6,74001
2020.12.07 00:00,1836.86,1868.5,1821.99,1863.1,80761
2020.12.08 00:00,1862.91,1875.28,1860.17,1870.83,75510
2020.12.09 00:00,1869.35,1870.53,1825.4,1839.41,99377
2020.12.10 00:00,1838.49,1849.98,1828.62,1835.96,90853
2020.12.11 00:00,1837.03,1847.66,1823.91,1839.91,75786
2020.12.14 00:00,1837.07,1839.02,1818.34,1827.82,77212
2020.12.15 00:00,1828.4,1855.32,1825.46,1853.67,74189
2020.12.16 00:00,1853.88,1865.77,1844.71,1864.06,101568
2020.12.17 00:00,1863.46,1896.19,1862.01,1886.04,95207
2020.12.18 00:00,1884.71,1889.58,1877.38,1880.55,78474
2020.12.21 00:00,1882.51,1906.7,1854.99,1876.25,133851
2020.12.22 00:00,1879.31,1884.21,1858.93,1859.91,101321
2020.12.23 00:00,1861.01,1878.56,1857.06,1872.63,98019
2020.12.24 00:00,1873.39,1883.46,1869.5,1879.3,55919
2020.12.28 00:00,1888.4,1900.2,1869.12,1873.05,85663
2020.12.29 00:00,1875.23,1886.44,1871.71,1878.17,75438
2020.12.30 00:00,1877.31,1894.04,1876.08,1893.81,63365
2020.12.31 00:00,1893.47,1900.38,1885.41,1893.43,63888
2021.01.04 00:00,1909.07,1944.43,1907.72,1943.23,110285
2021.01.05 00:00,1941.49,1953.09,1934.31,1950.03,95998
2021.01.06 00:00,1949.89,1959.29,1900.83,1918.79,143511
2021.01.07 00:00,1920.94,1927.64,1906.77,1913.51,105316
2021.01.08 00:00,1916.18,1917.48,1828.27,1849.04,155562
2021.01.11 00:00,1854.74,1855.59,1817,1844.45,120645
2021.01.12 00:00,1847.51,1863.8,1836.7,1855.31,105679
2021.01.13 00:00,1855.04,1862.94,1841.91,1844.68,88213
2021.01.14 00:00,1847.51,1857.45,1830.94,1846.46,102850
2021.01.15 00:00,1847.79,1856.85,1823.39,1827.65,125252
2021.01.18 00:00,1828.39,1840.72,1810.29,1837.52,89033
2021.01.19 00:00,1838.41,1845.51,1833.12,1839.63,109648
2021.01.20 00:00,1840.51,1871.73,1832.49,1871.42,125615
2021.01.21 00:00,1871.58,1875.01,1858.32,1869.8,118950
2021.01.22 00:00,1869.76,1870.81,1837.4,1854.67,132569
2021.01.25 00:00,1858.02,1867.93,1847.11,1855.94,137306
2021.01.26 00:00,1855.26,1861.73,1848.4,1851.43,110758
2021.01.27 00:00,1851.58,1853.11,1831.35,1843.83,143666
2021.01.28 00:00,1842.66,1864,1834,1842.61,171059
2021.01.29 00:00,1843.12,1875.69,1839.59,1847.59,192328
2021.02.01 00:00,1855.57,1871.78,1849.15,1860.55,220293
2021.02.02 00:00,1859.37,1864.05,1829.53,1837.65,180506
2021.02.03 00:00,1837.38,1844.98,1829.81,1834.21,128024
2021.02.04 00:00,1834.12,1834.74,1784.9,1793.12,158695
2021.02.05 00:00,1795.17,1815.2,1791.98,1813.4,127304
2021.02.08 00:00,1817.35,1839.19,1807.77,1830.13,136422
2021.02.09 00:00,1830.87,1848.56,1828.83,1837.64,123760
2021.02.10 00:00,1838.59,1855.31,1834.05,1842.35,123670
2021.02.11 00:00,1843.91,1847.54,1821.2,1825.47,105907
2021.02.12 00:00,1826.11,1830.68,1810.52,1824.17,110731
2021.02.15 00:00,1824.88,1827.02,1816.07,1818.72,71964
2021.02.16 00:00,1819.62,1826.42,1789.48,1794.56,149750
2021.02.17 00:00,1792.65,1795.15,1769.47,1776.7,153764
2021.02.18 00:00,1776.95,1789.62,1768.42,1775.44,148265
2021.02.19 00:00,1776.46,1791.63,1760.64,1783.05,159459
2021.02.22 00:00,1786.78,1812.69,1780.68,1809.04,177046
2021.02.23 00:00,1809.4,1816.01,1795.6,1805.07,158899
2021.02.24 00:00,1806.6,1813.94,1783.63,1805.33,162824
2021.02.25 00:00,1803.65,1804.23,1765.28,1770.25,225865
2021.02.26 00:00,1772.25,1775.76,1717.18,1733.84,243495
2021.03.01 00:00,1737.79,1759.89,1719.63,1724.79,188016
2021.03.02 00:00,1723.03,1738.77,1707.2,1738.77,181720
2021.03.03 00:00,1738.15,1740.49,1701.86,1711.71,175583
2021.03.04 00:00,1710.88,1723.19,1690.54,1698.6,218170
2021.03.05 00:00,1697.83,1707.62,1687.28,1700.76,192230
2021.03.08 00:00,1706.24,1714.29,1676.82,1682.53,185032
2021.03.09 00:00,1684.52,1720.58,1680.12,1715.59,160257
2021.03.10 00:00,1715.33,1726.57,1708.2,1726.33,149898
2021.03.11 00:00,1726.56,1739.82,1719.27,1722.38,142465
2021.03.12 00:00,1721.63,1727.96,1699.21,1726.92,149733
2021.03.15 00:00,1728.56,1734.54,1721.66,1732.11,132634
2021.03.16 00:00,1731.86,1741.21,1726.25,1731.85,125856
2021.03.17 00:00,1732.35,1751.63,1724.17,1744.54,136197
2021.03.18 00:00,1748.74,1755.46,1719.25,1736.49,161388
2021.03.19 00:00,1735.77,1746.72,1728.5,1745.14,139589
2021.03.22 00:00,1743.8,1744.33,1727.39,1738.68,129700
2021.03.23 00:00,1739.58,1742.6,1724.68,1726.89,126605
2021.03.24 00:00,1727.15,1738.47,1723.79,1733.83,111264
2021.03.25 00:00,1734.91,1745.43,1721.76,1726.98,131827
2021.03.26 00:00,1727.94,1736.65,1721.63,1732.7,105918
2021.03.29 00:00,1731.17,1732.84,1705.65,1711.81,109038
2021.03.30 00:00,1712.68,1714.36,1678.77,1685.06,135333
2021.03.31 00:00,1684.83,1715.34,1677.86,1707.7,130802
2021.04.01 00:00,1707.4,1730.4,1705.76,1729.49,115912
2021.04.05 00:00,1728.66,1733.57,1721.25,1728.36,88124
2021.04.06 00:00,1728.71,1745.47,1727.16,1743.06,109667
2021.04.07 00:00,1743.28,1744.32,1730.57,1737.57,103223
2021.04.08 00:00,1737.56,1758.66,1733.14,1756.14,102546
2021.04.09 00:00,1755.65,1757.32,1731.26,1743.46,110017
2021.04.12 00:00,1742.71,1745,1727.48,1732.34,110257
2021.04.13 00:00,1733.23,1748.99,1723.7,1745.39,122156
2021.04.14 00:00,1745.66,1749.31,1732.58,1736.25,106297
2021.04.15 00:00,1736.26,1769.68,1734.35,1763.5,103270
2021.04.16 00:00,1763.97,1783.79,1759.72,1776.67,100215
2021.04.19 00:00,1775.67,1790.03,1766.76,1770.78,113432
2021.04.20 00:00,1770.9,1780.41,1763.53,1778.55,110180
2021.04.21 00:00,1778.16,1797.63,1776.24,1793.92,102562
2021.04.22 00:00,1793.95,1797.88,1777.45,1784.36,104081
2021.04.23 00:00,1784.16,1795.95,1770.01,1776.48,102335
2021.04.26 00:00,1775.48,1783.5,1768.84,1781.39,95870
2021.04.27 00:00,1781.27,1785.55,1773.76,1776.7,90326
2021.04.28 00:00,1776.99,1782.54,1762.62,1781.47,104594
2021.04.29 00:00,1781.96,1789.98,1756.19,1772.28,105898
2021.04.30 00:00,1772.61,1773.62,1764.24,1768.97,97490
2021.05.03 00:00,1766.81,1797.91,1766.04,1793.04,90768
2021.05.04 00:00,1792.58,1799.09,1771.01,1779.28,107458
2021.05.05 00:00,1778.34,1787.97,1770.49,1787.66,86898
2021.05.06 00:00,1786.8,1818.12,1782,1815.22,110093
2021.05.07 00:00,1814.64,1843.3,1812.85,1830.85,126630
2021.05.10 00:00,1833.04,1845.49,1829.97,1835.54,124892
2021.05.11 00:00,1836.07,1841.8,1818.09,1836.8,120851
2021.05.12 00:00,1836.83,1843.68,1813.24,1816.11,137693
2021.05.13 00:00,1814.87,1828.8,1808.77,1826.93,122267
2021.05.14 00:00,1827.12,1845.93,1819.77,1842.56,101155
2021.05.17 00:00,1843.52,1868.41,1843.52,1866.65,105152
2021.05.18 00:00,1866.69,1875.03,1863.2,1869.64,95130
2021.05.19 00:00,1869.12,1890.09,1852.23,1870.15,155875
2021.05.20 00:00,1870.06,1883.94,1863.86,1877.28,147676
2021.05.21 00:00,1877.79,1889.41,1870.1,1881.74,139975
2021.05.24 00:00,1881.41,1887.02,1875.17,1881.35,128610
2021.05.25 00:00,1880.78,1900.21,1872.71,1899.18,121916
2021.05.26 00:00,1898.77,1912.74,1890.77,1896.5,122351
2021.05.27 00:00,1896.45,1903.67,1888.28,1896.43,124764
2021.05.28 00:00,1897.4,1905.95,1882.27,1903.18,131825
2021.05.31 00:00,1903.74,1910.65,1902.14,1906.62,68155
2021.06.01 00:00,1907.26,1916.58,1892.37,1899.87,123400
2021.06.02 00:00,1899.65,1909.09,1894.37,1908.66,106790
2021.06.03 00:00,1908.45,1909.64,1865.37,1870.7,132560
2021.06.04 00:00,1871.33,1896.14,1855.5,1891.51,127130
2021.06.07 00:00,1890.19,1900.13,1881.57,1898.78,104532
2021.06.08 00:00,1899.1,1903.67,1883.84,1893.06,105052
2021.06.09 00:00,1891.72,1898.95,1887.33,1888.89,97129
2021.06.10 00:00,1888.89,1899.86,1869.84,1899.64,126781
2021.06.11 00:00,1898.15,1903.03,1874.44,1876.16,118817
2021.06.14 00:00,1876.07,1877.62,1844.77,1866.31,118581
2021.06.15 00:00,1867.53,1869.16,1851.65,1858.89,94645
2021.06.16 00:00,1859.13,1862.91,1803.33,1810.21,112002
2021.06.17 00:00,1813.54,1825.33,1767.3,1772.78,186319
2021.06.18 00:00,1775.49,1797.14,1760.91,1764.52,136136
2021.06.21 00:00,1768.64,1786.61,1766.4,1783.25,142895
2021.06.22 00:00,1784.05,1790.09,1772.44,1778.63,126279
2021.06.23 00:00,1779.76,1794.95,1773.33,1778.4,104888
2021.06.24 00:00,1778.61,1787.97,1772.85,1774.96,110374
2021.06.25 00:00,1776.26,1790.34,1773.7,1781.11,94761
2021.06.28 00:00,1781.24,1785.74,1770.67,1779.03,87814
2021.06.29 00:00,1778.6,1778.96,1750.69,1761.08,81852
2021.06.30 00:00,1762.09,1774.39,1753.33,1769.65,80009
2021.07.01 00:00,1770.03,1782.78,1765.64,1776.52,74755
2021.07.02 00:00,1776.28,1795.04,1774.33,1787.33,79540
2021.07.05 00:00,1787.11,1794.34,1784.47,1791.73,40542
2021.07.06 00:00,1791.27,1814.97,1790.11,1797.05,88151
2021.07.07 00:00,1796.31,1809.72,1793.85,1803.59,83421
2021.07.08 00:00,1803.68,1818.33,1793.83,1802.35,105013
2021.07.09 00:00,1802.94,1812.33,1796.38,1808.04,77370
2021.07.12 00:00,1807.97,1810.82,1791.65,1806.17,66869
2021.07.13 00:00,1806.26,1817.14,1798.6,1807.14,78097
2021.07.14 00:00,1807.95,1829.73,1804.55,1827.99,80677
2021.07.15 00:00,1827.44,1834.07,1820.22,1829.45,76139
2021.07.16 00:00,1829.87,1832,1808.96,1811.51,90910
2021.07.19 00:00,1811.29,1817.27,1794.98,1812.61,117655
2021.07.20 00:00,1812.65,1824.92,1805.1,1810.24,103742
2021.07.21 00:00,1810.4,1813.74,1794.68,1803.42,94121
2021.07.22 00:00,1803.83,1808.04,1792.74,1806.42,92708
2021.07.23 00:00,1806.98,1810.3,1789.63,1801.93,83504
2021.07.26 00:00,1802.26,1811.46,1796.38,1797.65,90431
2021.07.27 00:00,1797.99,1805.22,1793.6,1798.47,88456
2021.07.28 00:00,1800.52,1809.82,1792.36,1807.11,91748
2021.07.29 00:00,1807.34,1832.62,1807.22,1827.79,89520
2021.07.30 00:00,1828.79,1831.34,1810.2,1814.28,81091
2021.08.02 00:00,1814.6,1819.51,1805.78,1813.11,88661
2021.08.03 00:00,1813.49,1814.99,1807.12,1810.12,71014
2021.08.04 00:00,1810.26,1831.65,1806.4,1811.6,81473
2021.08.05 00:00,1812.03,1814.81,1797.83,1803.73,76504
2021.08.06 00:00,1804.65,1804.72,1758.65,1763.18,90320
2021.08.09 00:00,1761.08,1762.27,1683.2,1729.58,123735
2021.08.10 00:00,1728.91,1738.27,1717.71,1728.74,88755
2021.08.11 00:00,1729.71,1754.37,1724.08,1751.5,91167
2021.08.12 00:00,1751.32,1758.15,1741.58,1752.86,77872
2021.08.13 00:00,1753.17,1779.79,1751.69,1779.7,73095
2021.08.16 00:00,1779.08,1789.28,1770.8,1787.24,84258
2021.08.17 00:00,1787.22,1795.46,1780.53,1785.8,84021
2021.08.18 00:00,1786.3,1793.75,1777.32,1787.68,84606
2021.08.19 00:00,1787.37,1792.44,1774.41,1780,95481
2021.08.20 00:00,1780.14,1788.37,1778.33,1780.94,74472
2021.08.23 00:00,1781.52,1806.42,1776.44,1805.18,81054
2021.08.24 00:00,1805.41,1809.51,1800.7,1802.83,68351
2021.08.25 00:00,1802.42,1802.78,1782.57,1790.33,71904
2021.08.26 00:00,1791.03,1798.12,1780.07,1791.69,66655
2021.08.27 00:00,1792.42,1819.09,1784.01,1817.85,73792
2021.08.30 00:00,1818.18,1823.24,1807.76,1810.13,51256
2021.08.31 00:00,1810,1819.15,1801.71,1814.26,69797
2021.09.01 00:00,1814.47,1820.03,1808.72,1813.77,66557
2021.09.02 00:00,1813.97,1817.15,1804.86,1809.55,48158
2021.09.03 00:00,1809.49,1833.95,1808.94,1827.59,64900
2021.09.06 00:00,1828.29,1830.24,1821.42,1823.14,30435
2021.09.07 00:00,1823.53,1827.22,1792.04,1793.92,65120
2021.09.08 00:00,1795.12,1802.11,1782.43,1789.29,69657
2021.09.09 00:00,1789.54,1800.9,1783.86,1794.36,69299
2021.09.10 00:00,1793.87,1803.77,1787.24,1787.81,64121
2021.09.13 00:00,1787.35,1798.43,1783.64,1793.37,53287
2021.09.14 00:00,1793.38,1808.58,1779.6,1804.69,68253
2021.09.15 00:00,1803.86,1806.94,1790.75,1793.73,71910
2021.09.16 00:00,1794.12,1796.2,1745.24,1752.72,92224
2021.09.17 00:00,1753.57,1767.47,1747.38,1753.92,93996
2021.09.20 00:00,1754.22,1767.05,1742.07,1764.82,96288
2021.09.21 00:00,1764.46,1781.69,1757.97,1773.89,77017
2021.09.22 00:00,1774.86,1787.21,1764.72,1767.99,95213
2021.09.23 00:00,1768.62,1776.56,1737.43,1742.48,94004
2021.09.24 00:00,1744.64,1757.71,1740.49,1749.72,73477
2021.09.27 00:00,1749.81,1760.82,1744.84,1750.15,90252
2021.09.28 00:00,1750.67,1754.49,1728.1,1733.53,109052
2021.09.29 00:00,1734.2,1745.48,1721.65,1726.46,99056
2021.09.30 00:00,1726.64,1764.12,1722.24,1757.16,101418
2021.10.01 00:00,1755.82,1764.28,1749.77,1760.15,93635
2021.10.04 00:00,1760.79,1770.5,1747.79,1769.35,94390
2021.10.05 00:00,1768.61,1769.33,1748.66,1759.87,84128
2021.10.06 00:00,1760.02,1765.03,1745.95,1762.87,94004
2021.10.07 00:00,1762.95,1766.91,1751.97,1754.91,76394
2021.10.08 00:00,1755.94,1781.27,1753.45,1757.1,95076
2021.10.11 00:00,1756.97,1760.97,1750.18,1754.11,75370
2021.10.12 00:00,1753.79,1769.31,1750.8,1760.19,85568
2021.10.13 00:00,1760.7,1796.15,1757.91,1792.75,102178
2021.10.14 00:00,1793.03,1800.57,1786.75,1795.92,79665
2021.10.15 00:00,1796.02,1796.47,1764.93,1767.42,91079
2021.10.18 00:00,1767.18,1772.04,1760.31,1764.53,100833
2021.10.19 00:00,1764.93,1785.11,1763,1768.99,95022
2021.10.20 00:00,1769.43,1788.44,1766.9,1782.06,94540
2021.10.21 00:00,1782.65,1789.44,1776.53,1783.32,98030
2021.10.22 00:00,1783.37,1813.79,1782.89,1792.67,109808
2021.10.25 00:00,1792.93,1809.99,1792.25,1807.43,95376
2021.10.26 00:00,1807.45,1808.39,1782.45,1793,89761
2021.10.27 00:00,1793.08,1799.05,1783.54,1796.89,98026
2021.10.28 00:00,1796.75,1810.38,1792.25,1798.81,111028
2021.10.29 00:00,1799.49,1801.2,1771.98,1782.98,118861
2021.11.01 00:00,1783.36,1795.79,1779.12,1793.2,88126
2021.11.02 00:00,1792.82,1796.4,1786.41,1787.84,80400
2021.11.03 00:00,1787.63,1788.2,1758.07,1769.89,95424
2021.11.04 00:00,1771.35,1798.9,1770.86,1791.71,89121
2021.11.05 00:00,1791.11,1818.27,1785.1,1817.84,98757
2021.11.08 00:00,1815.69,1826.44,1812.46,1824.14,86785
2021.11.09 00:00,1824.28,1832.7,1819.23,1831.68,87840
2021.11.10 00:00,1831.6,1868.55,1822.32,1848.97,104451
2021.11.11 00:00,1848.98,1866,1842.88,1861.77,73362
2021.11.12 00:00,1861.75,1868.61,1845.2,1864.35,86565
2021.11.15 00:00,1866.79,1870.3,1856.38,1862.71,78903
2021.11.16 00:00,1863.07,1877.23,1849.67,1849.98,96336
2021.11.17 00:00,1850.24,1868.03,1849.53,1867.39,83204
2021.11.18 00:00,1866.24,1870.94,1855.03,1858.81,82994
2021.11.19 00:00,1859.19,1865.72,1843,1845.7,99128
2021.11.22 00:00,1842.19,1849.15,1802.28,1804.77,111380
2021.11.23 00:00,1808,1812.45,1782,1789.28,107732
2021.11.24 00:00,1789.1,1796.34,1778.54,1788.64,100596
2021.11.25 00:00,1787.93,1795.04,1786.01,1788.42,43784
2021.11.26 00:00,1790.47,1815.55,1780.4,1790.86,103879
2021.11.29 00:00,1788.53,1799.39,1777.64,1784.96,83509
2021.11.30 00:00,1785.12,1808.74,1769.82,1774.43,117288
2021.12.01 00:00,1775.91,1794.41,1772.17,1781.88,111262
2021.12.02 00:00,1781.48,1783.38,1761.97,1768.4,114608
2021.12.03 00:00,1769.67,1786.12,1766.15,1783.88,113243
2021.12.06 00:00,1782,1787.71,1775.74,1778.37,94257
2021.12.07 00:00,1778.93,1787.68,1772.35,1784.16,82219
2021.12.08 00:00,1784.6,1793.15,1779.64,1782.49,86165
2021.12.09 00:00,1783.08,1787.64,1773.27,1775.13,83436
2021.12.10 00:00,1775.99,1789.41,1770.1,1782.82,82249
2021.12.13 00:00,1782.77,1791.57,1781.83,1786.99,75375
2021.12.14 00:00,1785.95,1789.53,1766.43,1770.58,82804
2021.12.15 00:00,1771.44,1780.85,1752.34,1777.09,97659
2021.12.16 00:00,1778.34,1799.55,1775.54,1799.02,99122
2021.12.17 00:00,1798.39,1814.28,1795.94,1797.98,90843
2021.12.20 00:00,1800.31,1804.21,1788.29,1790.3,97492
2021.12.21 00:00,1790.8,1800.52,1785,1788.63,82073
2021.12.22 00:00,1788.87,1804.92,1785.86,1803.54,72738
2021.12.23 00:00,1803.13,1810.63,1798.9,1807.76,66632
2021.12.27 00:00,1805.97,1813.47,1802.92,1811.82,66267
2021.12.28 00:00,1811.55,1820.18,1805.05,1806.13,65449
2021.12.29 00:00,1806.56,1807.71,1789.47,1803.9,74622
2021.12.30 00:00,1803.71,1817.21,1796.12,1815.08,71293
2021.12.31 00:00,1814.64,1828.08,1814.2,1827.95,58510
2022.01.03 00:00,1830.63,1831.82,1798.32,1801.2,87227
2022.01.04 00:00,1802.46,1816.74,1798.51,1814.36,95966
2022.01.05 00:00,1813.84,1829.6,1808.32,1810.53,91086
2022.01.06 00:00,1810.06,1811.58,1786.5,1789.72,114463
2022.01.07 00:00,1791.18,1798.63,1782.64,1796.3,93200
2022.01.10 00:00,1794.95,1802.32,1790.36,1801.69,98141
2022.01.11 00:00,1800.41,1823.25,1799.97,1821.43,95816
2022.01.12 00:00,1820.14,1828.01,1814.71,1826.14,89178
2022.01.13 00:00,1825.78,1828.14,1812.35,1822.71,88822
2022.01.14 00:00,1821.49,1829.18,1814.7,1817.54,100708
2022.01.17 00:00,1817.35,1823.17,1813.2,1819.11,50418
2022.01.18 00:00,1818.27,1822.78,1805.79,1813.7,116659
2022.01.19 00:00,1814.08,1843.32,1810.25,1840.63,118270
2022.01.20 00:00,1840.2,1847.92,1835.95,1839.53,115018
2022.01.21 00:00,1839.26,1843.24,1828.39,1834.63,118667
2022.01.24 00:00,1832.9,1844.38,1829.72,1843.16,137348
2022.01.25 00:00,1842.85,1853.9,1834.94,1847.69,115864
2022.01.26 00:00,1847.49,1850.06,1815.03,1818.84,119417
2022.01.27 00:00,1819.89,1822.12,1791.84,1796.7,134786
2022.01.28 00:00,1797.3,1799.42,1780.3,1791.58,117835
2022.01.31 00:00,1788.96,1799.89,1785.57,1796.88,99871
2022.02.01 00:00,1797.51,1808.79,1795.77,1800.9,98541
2022.02.02 00:00,1801.02,1810.77,1794.51,1806.86,87102
2022.02.03 00:00,1806.94,1808.93,1788.66,1804.88,106335
2022.02.04 00:00,1804.8,1814.88,1792.14,1807.84,105497
2022.02.07 00:00,1808.53,1823.54,1807.84,1820.48,103673
2022.02.08 00:00,1821.2,1828.75,1815.43,1826.03,89692
2022.02.09 00:00,1825.75,1835.8,1824.73,1832.87,83092
2022.02.10 00:00,1832.74,1841.92,1821.68,1826.75,123300
2022.02.11 00:00,1827.28,1865.45,1820.92,1858.98,134846
2022.02.14 00:00,1855.86,1874.16,1850.82,1871.74,145102
2022.02.15 00:00,1870.57,1879.51,1844.49,1853.36,111096
2022.02.16 00:00,1853.83,1872.57,1850.33,1869,101098
2022.02.17 00:00,1869.85,1901.13,1867.81,1898.25,136437
2022.02.18 00:00,1898.69,1902.51,1886.58,1897.34,114121
2022.02.21 00:00,1902.54,1908.26,1887.62,1903.46,84038
2022.02.22 00:00,1912,1913.98,1891.38,1898.5,149372
2022.02.23 00:00,1898.91,1910.49,1889.62,1908.08,101624
2022.02.24 00:00,1909.79,1974.52,1878,1903.77,194530
2022.02.25 00:00,1906.5,1921.42,1882.86,1888.25,149053
2022.02.28 00:00,1919.79,1926.69,1890.86,1908.26,144843
2022.03.01 00:00,1908.3,1950.17,1901.39,1945.17,143236
2022.03.02 00:00,1942.98,1947.87,1913.42,1927.61,134384
2022.03.03 00:00,1929.27,1941.18,1922.08,1936.62,119807
2022.03.04 00:00,1936.72,1970.19,1929.56,1969.74,142983
2022.03.07 00:00,1980.67,2002.61,1961.03,1997.24,196672
2022.03.08 00:00,1997.23,2070.3,1981.08,2050.15,198331
2022.03.09 00:00,2050.01,2059.24,1976.04,1992.39,163223
2022.03.10 00:00,1991.87,2009.1,1970.26,1996.01,130688
2022.03.11 00:00,1997.35,1998.88,1958.56,1985.22,92301
2022.03.14 00:00,1979.73,1983.64,1949.7,1951.44,91098
2022.03.15 00:00,1953.28,1954.5,1907.05,1917.56,99796
2022.03.16 00:00,1920.11,1929.49,1895.01,1924.83,96954
2022.03.17 00:00,1925.74,1949.74,1923.35,1942.56,77105
2022.03.18 00:00,1942.17,1945.36,1917.97,1920.74,76973
2022.03.21 00:00,1925.11,1941.02,1917.69,1934.91,86440
2022.03.22 00:00,1936.13,1938.35,1910.67,1921.53,88165
2022.03.23 00:00,1921.25,1948.28,1915.51,1944.86,81081
2022.03.24 00:00,1944.37,1966.2,1937.54,1956.95,96144
2022.03.25 00:00,1958.89,1964.37,1943.2,1957.24,89870
2022.03.28 00:00,1955.63,1958.52,1917.02,1921.82,135357
2022.03.29 00:00,1922.35,1929.36,1890.02,1919.31,127185
2022.03.30 00:00,1920.13,1938.45,1915.81,1933.13,99799
2022.03.31 00:00,1933.15,1949.76,1919.1,1936.88,104316
2022.04.01 00:00,1937.15,1939.6,1918.06,1924.09,100702
2022.04.04 00:00,1924.07,1936.82,1915.5,1932.72,94793
2022.04.05 00:00,1932.48,1944.58,1917.97,1923.62,94998
2022.04.06 00:00,1923.02,1933.41,1915.15,1925.61,114998
2022.04.07 00:00,1924.08,1937.72,1920.47,1931.25,99287
2022.04.08 00:00,1931.72,1948.25,1927.67,1946.4,98379
2022.04.11 00:00,1947.6,1969.78,1940,1954.81,118784
2022.04.12 00:00,1952.27,1978.68,1949.81,1966.38,115214
2022.04.13 00:00,1966.8,1981.59,1962.81,1977.76,100306
2022.04.14 00:00,1977.13,1980.35,1960.38,1973.19,103562
2022.04.18 00:00,1972.39,1998.43,1971.66,1978.71,114851
2022.04.19 00:00,1977.54,1982,1943.81,1949.19,122910
2022.04.20 00:00,1949.81,1958.33,1939.32,1957.63,123690
2022.04.21 00:00,1956.03,1957.32,1936.84,1951.74,121210
2022.04.22 00:00,1950.28,1955.63,1926.68,1931.91,129744
2022.04.25 00:00,1932.72,1934.26,1891.43,1897.67,155235
2022.04.26 00:00,1898.55,1911.27,1895.77,1906.14,124374
2022.04.27 00:00,1906.03,1907.03,1881.42,1885.53,129658
2022.04.28 00:00,1885.48,1896.72,1872.04,1894.22,136446
2022.04.29 00:00,1895.11,1919.83,1892.48,1896.42,130548
2022.05.02 00:00,1899.29,1899.86,1854.6,1863.21,119020
2022.05.03 00:00,1863.44,1878.13,1850.38,1868.01,106594
2022.05.04 00:00,1868.01,1889.81,1861.42,1881.75,105352
2022.05.05 00:00,1881.9,1909.77,1872.57,1877.2,147761
2022.05.06 00:00,1876.3,1892.56,1866.06,1882.37,133092
2022.05.09 00:00,1883.46,1885.59,1851.63,1854.13,144752
2022.05.10 00:00,1853.22,1865.39,1835.49,1838.24,139335
2022.05.11 00:00,1838.98,1858.15,1831.97,1852.3,134721
2022.05.12 00:00,1851.39,1858.77,1821.53,1821.94,150296
2022.05.13 00:00,1822.63,1828.76,1799.06,1811.66,115253
2022.05.16 00:00,1814.33,1826.89,1786.84,1824.79,108353
2022.05.17 00:00,1824.95,1836.05,1812.86,1814.52,105815
2022.05.18 00:00,1814.35,1824.71,1807.32,1817.35,99960
2022.05.19 00:00,1816.31,1849.15,1810.96,1841.17,113657
2022.05.20 00:00,1841.91,1849.44,1832.38,1845.71,93151
2022.05.23 00:00,1847.95,1865.39,1843.32,1853.6,92015
2022.05.24 00:00,1853.3,1869.67,1849.4,1866.14,73881
2022.05.25 00:00,1865.24,1868.05,1842.05,1853.79,76622
2022.05.26 00:00,1852.72,1854.37,1840.78,1850.85,85738
2022.05.27 00:00,1850.63,1862,1847.96,1852.98,71835
2022.05.30 00:00,1852.24,1863.96,1848.22,1855.1,47890
2022.05.31 00:00,1856.03,1857.09,1835.1,1838.26,85742
2022.06.01 00:00,1836.74,1850.02,1828.5,1846.64,87334
2022.06.02 00:00,1847.13,1870.37,1844.13,1868.36,72105
2022.06.03 00:00,1868.8,1874.09,1847.38,1851.16,66445
2022.06.06 00:00,1850.56,1857.82,1839.84,1842.14,70512
2022.06.07 00:00,1840.79,1855.52,1837.03,1852.01,70502
2022.06.08 00:00,1852.56,1859.62,1844.61,1852.83,68381
2022.06.09 00:00,1852.74,1855.32,1840.03,1847.94,76864
2022.06.10 00:00,1847.73,1876,1825.13,1871.57,108740
2022.06.13 00:00,1878.2,1878.78,1819.06,1819.11,135543
2022.06.14 00:00,1815.05,1831.55,1805.17,1809.31,120789
2022.06.15 00:00,1807.31,1841.82,1807.31,1833.77,149301
2022.06.16 00:00,1833.07,1857.23,1815.32,1856.47,130649
2022.06.17 00:00,1853.58,1853.62,1833.94,1840.39,106457
2022.06.20 00:00,1835.91,1846.03,1834.48,1838.41,60392
2022.06.21 00:00,1837.77,1843.63,1828.67,1833.41,85754
2022.06.22 00:00,1832.38,1847.93,1823.48,1838.32,104788
2022.06.23 00:00,1837.17,1846.04,1822.58,1823.25,100000
2022.06.24 00:00,1823.83,1831.7,1816.92,1827.42,94762
2022.06.27 00:00,1835.82,1841.03,1820.81,1822.75,99949
2022.06.28 00:00,1822.65,1829.48,1818.37,1820.62,82505
2022.06.29 00:00,1819.14,1833.07,1812.16,1818.25,84669
2022.06.30 00:00,1817.97,1825.1,1802.75,1807.16,94229
2022.07.01 00:00,1806.65,1809.32,1784.45,1808.53,120444
2022.07.04 00:00,1809.72,1814.26,1803.99,1807.9,59009
2022.07.05 00:00,1807.58,1812.13,1763.95,1765.99,109486
2022.07.06 00:00,1766.78,1772.86,1732.25,1739.11,124508
2022.07.07 00:00,1739.9,1749.12,1736.5,1740.02,98634
2022.07.08 00:00,1740.69,1752.45,1732.95,1742.35,92536
2022.07.11 00:00,1740.87,1744.51,1731.37,1733.92,91186
2022.07.12 00:00,1733.46,1744.2,1723.23,1726.33,106211
2022.07.13 00:00,1725.79,1745.42,1707.03,1735.59,126986
2022.07.14 00:00,1735.81,1736.28,1697.61,1710.69,141139
2022.07.15 00:00,1710.89,1716.62,1699.09,1707.11,110306
2022.07.18 00:00,1706.88,1723.95,1706.38,1708.93,108306
2022.07.19 00:00,1709.72,1718.42,1705.38,1711.3,98672
2022.07.20 00:00,1711.12,1714.46,1692.46,1696.66,90724
2022.07.21 00:00,1696.56,1720.32,1680.84,1720.26,108279
2022.07.22 00:00,1718.16,1739.31,1712.9,1726.93,109201
2022.07.25 00:00,1725.62,1736.28,1714.77,1719.53,106357
2022.07.26 00:00,1718.69,1728.22,1713.66,1717.24,93485
2022.07.27 00:00,1717.17,1740.32,1711.52,1734.77,100731
2022.07.28 00:00,1734.33,1757.11,1734.06,1756.4,123916
2022.07.29 00:00,1755.3,1767.93,1751.98,1765.27,120742
2022.08.01 00:00,1765.17,1775.23,1758.37,1772.06,111349
2022.08.02 00:00,1771.8,1788.06,1760.5,1761.41,123472
2022.08.03 00:00,1761.99,1772.8,1754.34,1765.94,93782
2022.08.04 00:00,1765.43,1794.95,1763.14,1791.15,85450
2022.08.05 00:00,1790.7,1794.89,1764.98,1775.31,115098
2022.08.08 00:00,1772.85,1790.01,1771.19,1789.51,90560
2022.08.09 00:00,1788.53,1800.45,1783.23,1794.15,85393
2022.08.10 00:00,1793.64,1807.87,1787.62,1792.09,107089
2022.08.11 00:00,1792.72,1799.31,1783.59,1789.63,103449
2022.08.12 00:00,1789.29,1802.11,1784.88,1801.8,99741
2022.08.15 00:00,1801.03,1801.76,1772.98,1778.77,104004
2022.08.16 00:00,1779.4,1783.09,1771.47,1775.88,89508
2022.08.17 00:00,1775.86,1782.34,1759.8,1762.26,114876
2022.08.18 00:00,1762.24,1772.4,1755.35,1758.57,102543
2022.08.19 00:00,1758.95,1759.14,1745.54,1747.01,104706
2022.08.22 00:00,1745.61,1749.06,1727.77,1735.75,105104
2022.08.23 00:00,1735.68,1754.11,1730.82,1748.32,107118
2022.08.24 00:00,1747.5,1755.9,1742.46,1752.19,101004
2022.08.25 00:00,1751.33,1765.5,1749.98,1758.36,100759
2022.08.26 00:00,1758.2,1758.82,1734.2,1738.35,121949
2022.08.29 00:00,1734.51,1745.52,1720.31,1737.76,111935
2022.08.30 00:00,1737.86,1740.55,1721.18,1724.39,109963
2022.08.31 00:00,1723.01,1726.52,1709.57,1710.53,120299
2022.09.01 00:00,1711.11,1711.39,1688.8,1697.3,125243
2022.09.02 00:00,1697.22,1717.98,1694.99,1711.89,114665
2022.09.05 00:00,1711.46,1715.75,1707.71,1710.07,62981
2022.09.06 00:00,1710.66,1726.77,1699.85,1701.58,120872
2022.09.07 00:00,1701.89,1719.22,1691.27,1719.04,126877
2022.09.08 00:00,1718.34,1728.2,1703.96,1708.71,134448
2022.09.09 00:00,1708.49,1729.41,1708.31,1717.57,111440
2022.09.12 00:00,1718.12,1735.13,1711.95,1724.72,109215
2022.09.13 00:00,1724.78,1731.82,1697.11,1702.23,125879
2022.09.14 00:00,1700.93,1707.11,1693.67,1697.03,126954
2022.09.15 00:00,1697.63,1698.21,1660.35,1664.2,121218
2022.09.16 00:00,1664.84,1680.34,1654.16,1675.56,119346
2022.09.19 00:00,1674.25,1680,1659.63,1675.51,101125
2022.09.20 00:00,1675.58,1679.46,1660,1664.88,102473
2022.09.21 00:00,1664.89,1688.03,1653.93,1674.14,136223
2022.09.22 00:00,1671.45,1684.91,1655.67,1671.52,159468
2022.09.23 00:00,1671.25,1675.92,1639.75,1645.09,152534
2022.09.26 00:00,1643.17,1649.76,1621.17,1623.79,180506
2022.09.27 00:00,1623.49,1642.45,1623.44,1629.39,147462
2022.09.28 00:00,1629.72,1662.69,1614.81,1659.92,153249
2022.09.29 00:00,1658.59,1664.87,1641.53,1660.37,163573
2022.09.30 00:00,1660.41,1675.36,1659.24,1660.83,144765
2022.10.03 00:00,1664.3,1701.51,1659.72,1699.2,148173
2022.10.04 00:00,1698.95,1729.49,1695.24,1726,145882
2022.10.05 00:00,1724.75,1727.8,1700.52,1716.45,134556
2022.10.06 00:00,1715.85,1725.57,1706.96,1712.82,130260
2022.10.07 00:00,1711.52,1714.83,1690.65,1694.63,130256
2022.10.10 00:00,1696.02,1699.81,1665.71,1668.26,123892
2022.10.11 00:00,1668.37,1683.97,1661.01,1666.31,142522
2022.10.12 00:00,1666.37,1678.38,1661.38,1673.07,136207
2022.10.13 00:00,1673.6,1682.46,1642.46,1665.78,147841
2022.10.14 00:00,1665.53,1671.77,1640.19,1644.49,155978
2022.10.17 00:00,1646.04,1668.46,1644.06,1650.64,127034
2022.10.18 00:00,1650.48,1660.93,1645.83,1651.48,130391
2022.10.19 00:00,1652.01,1654.5,1627.68,1628.88,128225
2022.10.20 00:00,1629.27,1645.64,1622.43,1628.13,139638
2022.10.21 00:00,1628.06,1657.74,1617.29,1657.03,180546
2022.10.24 00:00,1659.8,1670.53,1644.01,1649.49,167384
2022.10.25 00:00,1649.99,1662.43,1638.2,1653.09,140847
2022.10.26 00:00,1652.38,1674.93,1649.68,1664.27,144840
2022.10.27 00:00,1664.16,1670.83,1654.88,1662.75,160130
2022.10.28 00:00,1662.02,1667.04,1638.05,1645.07,150933
